-- --------------------------------------------------------
-- Host:                         localhost
-- Server Version:               8.0.25 - MySQL Community Server - GPL
-- Server Betriebssystem:        Win64
-- HeidiSQL Version:             11.3.0.6295
-- --------------------------------------------------------

/*!40101 SET @OLD_CHARACTER_SET_CLIENT=@@CHARACTER_SET_CLIENT */;
/*!40101 SET NAMES utf8 */;
/*!50503 SET NAMES utf8mb4 */;
/*!40014 SET @OLD_FOREIGN_KEY_CHECKS=@@FOREIGN_KEY_CHECKS, FOREIGN_KEY_CHECKS=0 */;
/*!40101 SET @OLD_SQL_MODE=@@SQL_MODE, SQL_MODE='NO_AUTO_VALUE_ON_ZERO' */;
/*!40111 SET @OLD_SQL_NOTES=@@SQL_NOTES, SQL_NOTES=0 */;


-- Exportiere Datenbank Struktur für muhcutransporte
CREATE DATABASE IF NOT EXISTS `muhcutransporte` /*!40100 DEFAULT CHARACTER SET utf8mb4 COLLATE utf8mb4_general_ci */ /*!80016 DEFAULT ENCRYPTION='N' */;
USE `muhcutransporte`;

-- Exportiere Struktur von Tabelle muhcutransporte.customer
DROP TABLE IF EXISTS `customer`;
CREATE TABLE IF NOT EXISTS `customer` (
  `id` int unsigned NOT NULL AUTO_INCREMENT,
  `company_name` varchar(512) COLLATE utf8mb4_general_ci DEFAULT NULL,
  PRIMARY KEY (`id`),
  UNIQUE KEY `company_name` (`company_name`)
) ENGINE=InnoDB AUTO_INCREMENT=11 DEFAULT CHARSET=utf8mb4 COLLATE=utf8mb4_general_ci;

-- Exportiere Daten aus Tabelle muhcutransporte.customer: ~8 rows (ungefähr)
DELETE FROM `customer`;
/*!40000 ALTER TABLE `customer` DISABLE KEYS */;
INSERT INTO `customer` (`id`, `company_name`) VALUES
	(1, 'aaa'),
	(3, 'aabbb'),
	(10, 'asdfsdf'),
	(2, 'bbb'),
	(9, 'cccc'),
	(5, 'ccccdd'),
	(7, 't'),
	(8, 'Test'),
	(4, 'Tester'),
	(6, 'ttttt');
/*!40000 ALTER TABLE `customer` ENABLE KEYS */;

-- Exportiere Struktur von Tabelle muhcutransporte.databasechangelog
DROP TABLE IF EXISTS `databasechangelog`;
CREATE TABLE IF NOT EXISTS `databasechangelog` (
  `ID` varchar(63) NOT NULL,
  `AUTHOR` varchar(63) NOT NULL,
  `FILENAME` varchar(200) NOT NULL,
  `DATEEXECUTED` datetime NOT NULL,
  `ORDEREXECUTED` int NOT NULL,
  `EXECTYPE` varchar(10) NOT NULL,
  `MD5SUM` varchar(35) DEFAULT NULL,
  `DESCRIPTION` varchar(255) DEFAULT NULL,
  `COMMENTS` varchar(255) DEFAULT NULL,
  `TAG` varchar(255) DEFAULT NULL,
  `LIQUIBASE` varchar(20) DEFAULT NULL,
  `CONTEXTS` varchar(255) DEFAULT NULL,
  `LABELS` varchar(255) DEFAULT NULL,
  `DEPLOYMENT_ID` varchar(10) DEFAULT NULL,
  PRIMARY KEY (`ID`,`AUTHOR`,`FILENAME`)
) ENGINE=InnoDB DEFAULT CHARSET=utf8mb3;

-- Exportiere Daten aus Tabelle muhcutransporte.databasechangelog: ~461 rows (ungefähr)
DELETE FROM `databasechangelog`;
/*!40000 ALTER TABLE `databasechangelog` DISABLE KEYS */;
INSERT INTO `databasechangelog` (`ID`, `AUTHOR`, `FILENAME`, `DATEEXECUTED`, `ORDEREXECUTED`, `EXECTYPE`, `MD5SUM`, `DESCRIPTION`, `COMMENTS`, `TAG`, `LIQUIBASE`, `CONTEXTS`, `LABELS`, `DEPLOYMENT_ID`) VALUES
	('201404031105', 'reissf', 'liquibase/changes/FRAMEWORK-406-mandator.xml', '2016-04-12 11:22:21', 1, 'EXECUTED', NULL, 'Custom SQL', '', NULL, '2.0.5', NULL, NULL, NULL),
	('201404031115', 'reissf', 'liquibase/changes/FRAMEWORK-406-taxClasses.xml', '2016-04-12 11:22:21', 2, 'EXECUTED', NULL, 'Custom SQL', '', NULL, '2.0.5', NULL, NULL, NULL),
	('201404031125', 'reissf', 'liquibase/changes/FRAMEWORK-406-cc_mailgroups.xml', '2016-04-12 11:22:22', 3, 'EXECUTED', NULL, 'Custom SQL', '', NULL, '2.0.5', NULL, NULL, NULL),
	('201404031126', 'reissf', 'liquibase/changes/FRAMEWORK-406-cc_contenttype.xml', '2016-04-12 11:22:22', 4, 'EXECUTED', NULL, 'Custom SQL', '', NULL, '2.0.5', NULL, NULL, NULL),
	('201404031126', 'reissf', 'liquibase/changes/FRAMEWORK-406-kassenspeicher.xml', '2016-04-12 11:22:32', 7, 'EXECUTED', NULL, 'Custom SQL', '', NULL, '2.0.5', NULL, NULL, NULL),
	('201404031150', 'reissf', 'liquibase/changes/FRAMEWORK-406-wstaw_valid.xml', '2016-04-12 11:22:32', 5, 'EXECUTED', NULL, 'Custom SQL', '', NULL, '2.0.5', NULL, NULL, NULL),
	('201404031318', 'reissf', 'liquibase/changes/FRAMEWORK-406-special_article.xml', '2016-04-12 11:22:32', 6, 'EXECUTED', NULL, 'Custom SQL', '', NULL, '2.0.5', NULL, NULL, NULL),
	('2016007181630', 'schroederm', 'liquibase/changes/BDX-1229.xml', '2016-07-25 15:23:48', 26, 'EXECUTED', NULL, 'Custom SQL', '', NULL, '2.0.5', NULL, NULL, NULL),
	('201602201111', 'hartmannd', 'liquibase/changes/BAHAGCOM-2227.xml', '2017-02-28 07:49:37', 75, 'EXECUTED', NULL, 'Custom SQL', '', NULL, '2.0.5', NULL, NULL, NULL),
	('201603091854', 'stockc', 'liquibase/changes/BDX-1198.xml', '2016-05-03 15:25:56', 13, 'EXECUTED', NULL, 'Custom SQL (x3)', '', NULL, '2.0.5', NULL, NULL, NULL),
	('201603241823', 'stockc', 'liquibase/changes/BDX-1198.xml', '2016-05-03 15:25:56', 14, 'EXECUTED', NULL, 'Custom SQL', '', NULL, '2.0.5', NULL, NULL, NULL),
	('201603291130', 'fleischmanns', 'liquibase/changes/FRAMEWORK-1038.xml', '2016-04-14 07:45:46', 8, 'EXECUTED', NULL, 'Custom SQL', '', NULL, '2.0.5', NULL, NULL, NULL),
	('201604061625', 'fleischmanns', 'liquibase/changes/FRAMEWORK-1038.xml', '2016-04-14 07:45:46', 10, 'EXECUTED', NULL, 'Custom SQL', '', NULL, '2.0.5', NULL, NULL, NULL),
	('201604071504', 'fleischmanns', 'liquibase/changes/FRAMEWORK-1038.xml', '2016-04-14 07:45:46', 9, 'EXECUTED', NULL, 'Custom SQL (x9)', '', NULL, '2.0.5', NULL, NULL, NULL),
	('201604260847', 'hartmannd', 'liquibase/changes/FRAMEWORK-1186.xml', '2016-05-02 14:56:01', 12, 'EXECUTED', NULL, 'Custom SQL', '', NULL, '2.0.5', NULL, NULL, NULL),
	('201604261241', 'hartmannd', 'liquibase/changes/FRAMEWORK-1186.xml', '2016-05-02 14:55:37', 11, 'EXECUTED', NULL, 'Custom SQL', '', NULL, '2.0.5', NULL, NULL, NULL),
	('201605040840', 'koehlers', 'liquibase/changes/BDX-1219.xml', '2016-05-10 11:04:45', 15, 'EXECUTED', NULL, 'Custom SQL', '', NULL, '2.0.5', NULL, NULL, NULL),
	('201605041244', 'hartmannd', 'liquibase/changes/FRAMEWORK-1182.xml', '2016-08-02 10:13:43', 33, 'EXECUTED', NULL, 'Custom SQL', '', NULL, '2.0.5', NULL, NULL, NULL),
	('201605071630', 'aulbacha', 'liquibase/changes/BDX-1226.xml', '2016-07-12 13:13:25', 19, 'EXECUTED', NULL, 'Custom SQL', '', NULL, '2.0.5', NULL, NULL, NULL),
	('20160518131639', 'fledererk', 'liquibase/changes/FRAMEWORK-1037.xml', '2016-05-23 11:00:36', 16, 'EXECUTED', NULL, 'Custom SQL', '', NULL, '2.0.5', NULL, NULL, NULL),
	('201605311055', 'hartmannd', 'liquibase/changes/EURONET-1420.xml', '2016-06-02 13:38:46', 17, 'EXECUTED', NULL, 'Custom SQL', '', NULL, '2.0.5', NULL, NULL, NULL),
	('201606131130', 'fleischmanns', 'liquibase/changes/EURONET-1427.xml', '2016-06-17 08:10:14', 18, 'EXECUTED', NULL, 'Custom SQL', '', NULL, '2.0.5', NULL, NULL, NULL),
	('20160707081543', 'fledererk', 'liquibase/changes/EURONET-1501.xml', '2016-07-25 15:23:47', 25, 'EXECUTED', NULL, 'Custom SQL', '', NULL, '2.0.5', NULL, NULL, NULL),
	('20160708084359', 'rezniki', 'liquibase/changes/EURONET-1506.xml', '2016-07-15 14:10:13', 20, 'EXECUTED', NULL, 'Custom SQL (x2)', '', NULL, '2.0.5', NULL, NULL, NULL),
	('20160708114445', 'rezniki', 'liquibase/changes/EURONET-1506.xml', '2016-07-15 14:10:13', 21, 'EXECUTED', NULL, 'Custom SQL', '', NULL, '2.0.5', NULL, NULL, NULL),
	('20160708133755', 'rezniki', 'liquibase/changes/EURONET-1506.xml', '2016-07-15 14:10:15', 22, 'EXECUTED', NULL, 'Custom SQL', '', NULL, '2.0.5', NULL, NULL, NULL),
	('20160708140102', 'rezniki', 'liquibase/changes/EURONET-1506.xml', '2016-07-15 14:10:16', 23, 'EXECUTED', NULL, 'Custom SQL', '', NULL, '2.0.5', NULL, NULL, NULL),
	('201607131000', 'fleischmanns', 'liquibase/changes/EURONET-1519.xml', '2016-07-15 14:10:16', 24, 'EXECUTED', NULL, 'Custom SQL', '', NULL, '2.0.5', NULL, NULL, NULL),
	('20160718144000', 'rezniki', 'liquibase/changes/BDX-1228.xml', '2016-07-25 15:23:48', 27, 'EXECUTED', NULL, 'Custom SQL (x2)', '', NULL, '2.0.5', NULL, NULL, NULL),
	('201607191222', 'hartmannd', 'liquibase/changes/BDX-1230.xml', '2016-08-23 15:44:34', 34, 'EXECUTED', NULL, 'Custom SQL', '', NULL, '2.0.5', NULL, NULL, NULL),
	('201607201006', 'rehdersc', 'liquibase/changes/EURONET-1521.xml', '2016-07-28 12:04:12', 28, 'EXECUTED', NULL, 'Custom SQL', '', NULL, '2.0.5', NULL, NULL, NULL),
	('201607201517', 'rehdersc', 'liquibase/changes/EURONET-1521.xml', '2016-07-28 12:04:12', 29, 'EXECUTED', NULL, 'Custom SQL (x2)', '', NULL, '2.0.5', NULL, NULL, NULL),
	('201607250815543', 'rezniki', 'liquibase/changes/EURONET-1515.xml', '2016-09-01 12:59:54', 37, 'EXECUTED', NULL, 'Custom SQL', '', NULL, '2.0.5', NULL, NULL, NULL),
	('201607261822', 'stockc', 'liquibase/changes/BDX-1104.xml', '2016-07-28 12:05:37', 31, 'EXECUTED', NULL, 'Custom SQL', '', NULL, '2.0.5', NULL, NULL, NULL),
	('20160727104000', 'schroederm', 'liquibase/changes/BDX-1228-2.xml', '2016-07-28 12:04:12', 30, 'EXECUTED', NULL, 'Custom SQL (x2)', '', NULL, '2.0.5', NULL, NULL, NULL),
	('201607271424', 'stockc', 'liquibase/changes/BDX-1104.xml', '2016-07-28 12:05:37', 32, 'EXECUTED', NULL, 'Custom SQL', '', NULL, '2.0.5', NULL, NULL, NULL),
	('201607280812', 'hartmannd', 'liquibase/changes/BDX-1230.xml', '2016-08-23 15:44:34', 35, 'EXECUTED', NULL, 'Custom SQL', '', NULL, '2.0.5', NULL, NULL, NULL),
	('20160805162600', 'mersinlioglue', 'liquibase/changes/BDX-953.xml', '2016-08-30 08:22:53', 36, 'EXECUTED', NULL, 'Custom SQL', '', NULL, '2.0.5', NULL, NULL, NULL),
	('201609050816', 'stockc', 'liquibase/changes/FRAMEWORK-1302.xml', '2016-09-12 16:09:21', 38, 'EXECUTED', NULL, 'Custom SQL', '', NULL, '2.0.5', NULL, NULL, NULL),
	('20160907184400', 'stockc', 'liquibase/changes/FRAMEWORK-1258.xml', '2016-09-20 08:25:15', 39, 'EXECUTED', NULL, 'Custom SQL', '', NULL, '2.0.5', NULL, NULL, NULL),
	('20160916131140', 'rezniki', 'liquibase/changes/EURONET-1533.xml', '2016-09-20 08:25:17', 40, 'EXECUTED', NULL, 'Custom SQL', '', NULL, '2.0.5', NULL, NULL, NULL),
	('20160921000550', 'rezniki', 'liquibase/changes/EURONET-1588.xml', '2016-09-21 15:22:02', 44, 'EXECUTED', NULL, 'Custom SQL', '', NULL, '2.0.5', NULL, NULL, NULL),
	('20160921000750', 'rezniki', 'liquibase/changes/EURONET-1588.xml', '2016-09-21 15:22:02', 45, 'EXECUTED', NULL, 'Custom SQL', '', NULL, '2.0.5', NULL, NULL, NULL),
	('201609211106', 'schlachterk', 'liquibase/changes/FRAMEWORK-1326.xml', '2016-09-21 15:22:01', 41, 'EXECUTED', NULL, 'Custom SQL', '', NULL, '2.0.5', NULL, NULL, NULL),
	('201609211114', 'schlachterk', 'liquibase/changes/FRAMEWORK-1326.xml', '2016-09-21 15:22:02', 42, 'EXECUTED', NULL, 'Custom SQL', '', NULL, '2.0.5', NULL, NULL, NULL),
	('201609211121', 'schlachterk', 'liquibase/changes/FRAMEWORK-1326.xml', '2016-09-21 15:22:02', 43, 'EXECUTED', NULL, 'Custom SQL', '', NULL, '2.0.5', NULL, NULL, NULL),
	('20160922080420', 'rezniki', 'liquibase/changes/EURONET-1588-2.xml', '2016-09-28 10:27:05', 46, 'EXECUTED', NULL, 'Custom SQL', '', NULL, '2.0.5', NULL, NULL, NULL),
	('20161013172500', 'stockc', 'liquibase/changes/EURONET-1586.xml', '2016-10-18 17:51:59', 47, 'EXECUTED', NULL, 'Custom SQL', '', NULL, '2.0.5', NULL, NULL, NULL),
	('201610241745', 'fleischmanns', 'liquibase/changes/EURONET-1604.xml', '2016-11-07 09:53:47', 48, 'EXECUTED', NULL, 'Custom SQL', '', NULL, '2.0.5', NULL, NULL, NULL),
	('201610261015', 'fleischmanns', 'liquibase/changes/EURONET-1606.xml', '2016-11-07 09:53:47', 49, 'EXECUTED', NULL, 'Custom SQL', '', NULL, '2.0.5', NULL, NULL, NULL),
	('201611221458', 'fleischmanns', 'liquibase/changes/EURONET-1714.xml', '2017-01-25 09:51:10', 59, 'EXECUTED', NULL, 'Custom SQL', '', NULL, '2.0.5', NULL, NULL, NULL),
	('201611221458', 'stockc', 'liquibase/changes/EURONET-1615.xml', '2016-12-13 09:43:37', 50, 'EXECUTED', NULL, 'Custom SQL', '', NULL, '2.0.5', NULL, NULL, NULL),
	('201611281104', 'hartmannd', 'liquibase/changes/DESADV-305.xml', '2016-12-20 07:46:02', 54, 'EXECUTED', NULL, 'Custom SQL (x5)', '', NULL, '2.0.5', NULL, NULL, NULL),
	('201611281154', 'stockc', 'liquibase/changes/EURONET-1615.xml', '2016-12-13 09:43:37', 51, 'EXECUTED', NULL, 'Custom SQL', '', NULL, '2.0.5', NULL, NULL, NULL),
	('20161129085027', 'fledererk', 'liquibase/changes/DESADV-297.xml', '2016-12-20 07:46:02', 56, 'EXECUTED', NULL, 'Custom SQL', '', NULL, '2.0.5', NULL, NULL, NULL),
	('201612091401', 'stockc', 'liquibase/changes/BDX-1267.xml', '2016-12-13 09:43:37', 52, 'EXECUTED', NULL, 'Custom SQL', '', NULL, '2.0.5', NULL, NULL, NULL),
	('201612091500', 'stockc', 'liquibase/changes/BDX-1267.xml', '2016-12-13 09:43:37', 53, 'EXECUTED', NULL, 'Custom SQL', '', NULL, '2.0.5', NULL, NULL, NULL),
	('201612130905', 'hartmannd', 'liquibase/changes/DESADV-305.xml', '2016-12-20 07:46:02', 55, 'EXECUTED', NULL, 'Custom SQL (x2)', '', NULL, '2.0.5', NULL, NULL, NULL),
	('201612221507', 'schlachterk', 'liquibase/changes/PPS-47554.xml', '2017-02-03 10:40:44', 62, 'EXECUTED', NULL, 'Custom SQL', '', NULL, '2.0.5', NULL, NULL, NULL),
	('201612280925', 'koehlers', 'liquibase/changes/DESADV-347.xml', '2016-12-28 09:30:42', 57, 'EXECUTED', NULL, 'Custom SQL', '', NULL, '2.0.5', NULL, NULL, NULL),
	('20170123135049', 'fledererk', 'liquibase/changes/EURONET-1714.xml', '2017-01-25 09:51:11', 60, 'EXECUTED', NULL, 'Custom SQL', '', NULL, '2.0.5', NULL, NULL, NULL),
	('201701231516', 'rehdersc', 'liquibase/changes/BDX-1277.xml', '2017-02-03 10:40:44', 61, 'EXECUTED', NULL, 'Custom SQL', '', NULL, '2.0.5', NULL, NULL, NULL),
	('201701231701', 'fleischmanns', 'liquibase/changes/EURONET-1713.xml', '2017-01-25 09:51:10', 58, 'EXECUTED', NULL, 'Custom SQL', '', NULL, '2.0.5', NULL, NULL, NULL),
	('201702011430', 'mersinlioglue', 'liquibase/changes/PPS-47554.xml', '2017-02-03 10:40:44', 63, 'EXECUTED', NULL, 'Custom SQL', '', NULL, '2.0.5', NULL, NULL, NULL),
	('201702011630', 'aulbacha', 'liquibase/changes/PPS-47554.xml', '2017-02-03 10:40:44', 64, 'EXECUTED', NULL, 'Custom SQL', '', NULL, '2.0.5', NULL, NULL, NULL),
	('201702031613', 'schlachterk', 'liquibase/changes/PPS-47554-2.xml', '2017-02-06 17:14:37', 65, 'EXECUTED', NULL, 'Custom SQL', '', NULL, '2.0.5', NULL, NULL, NULL),
	('201702130717', 'rehdersc', 'liquibase/changes/FRAMEWORK-1190.xml', '2017-02-16 16:17:49', 68, 'EXECUTED', NULL, 'Custom SQL', '', NULL, '2.0.5', NULL, NULL, NULL),
	('20170214112228', 'fledererk', 'liquibase/changes/DESADV-394.xml', '2017-02-15 15:32:54', 66, 'EXECUTED', NULL, 'Custom SQL (x3)', '', NULL, '2.0.5', NULL, NULL, NULL),
	('20170214114605', 'fledererk', 'liquibase/changes/DESADV-394.xml', '2017-02-15 15:32:54', 67, 'EXECUTED', NULL, 'Custom SQL', '', NULL, '2.0.5', NULL, NULL, NULL),
	('20170216084648', 'fledererk', 'liquibase/changes/DESADV-300.xml', '2017-03-02 14:44:41', 81, 'EXECUTED', NULL, 'Custom SQL', '', NULL, '2.0.5', NULL, NULL, NULL),
	('201702171707', 'stockc', 'liquibase/changes/PPS-48642.xml', '2017-02-21 11:59:27', 69, 'EXECUTED', NULL, 'Custom SQL', '', NULL, '2.0.5', NULL, NULL, NULL),
	('20170220130120', 'fledererk', 'liquibase/changes/DESADV-300.xml', '2017-03-02 14:44:41', 82, 'EXECUTED', NULL, 'Custom SQL', '', NULL, '2.0.5', NULL, NULL, NULL),
	('201702201520', 'stockc', 'liquibase/changes/PPS-48642.xml', '2017-02-21 11:59:27', 70, 'EXECUTED', NULL, 'Custom SQL', '', NULL, '2.0.5', NULL, NULL, NULL),
	('201702201651', 'stockc', 'liquibase/changes/PPS-48773.xml', '2017-02-22 09:41:19', 71, 'EXECUTED', NULL, 'Custom SQL', '', NULL, '2.0.5', NULL, NULL, NULL),
	('201702201652', 'stockc', 'liquibase/changes/PPS-48773.xml', '2017-02-22 09:41:19', 72, 'EXECUTED', NULL, 'Custom SQL', '', NULL, '2.0.5', NULL, NULL, NULL),
	('201702201653', 'stockc', 'liquibase/changes/PPS-48773.xml', '2017-02-22 09:41:19', 73, 'EXECUTED', NULL, 'Custom SQL', '', NULL, '2.0.5', NULL, NULL, NULL),
	('201702201654', 'stockc', 'liquibase/changes/PPS-48773.xml', '2017-02-22 09:41:19', 74, 'EXECUTED', NULL, 'Custom SQL', '', NULL, '2.0.5', NULL, NULL, NULL),
	('201702221130', 'aulbacha', 'liquibase/changes/PPS-48772.xml', '2017-02-28 07:49:37', 79, 'EXECUTED', NULL, 'Custom SQL', '', NULL, '2.0.5', NULL, NULL, NULL),
	('201702231040', 'koehlers', 'liquibase/changes/PPS-49460.xml', '2017-02-28 07:49:37', 76, 'EXECUTED', NULL, 'Custom SQL', '', NULL, '2.0.5', NULL, NULL, NULL),
	('201702231041', 'koehlers', 'liquibase/changes/PPS-49460.xml', '2017-02-28 07:49:37', 77, 'EXECUTED', NULL, 'Custom SQL', '', NULL, '2.0.5', NULL, NULL, NULL),
	('201702231042', 'koehlers', 'liquibase/changes/PPS-49460.xml', '2017-02-28 07:49:37', 78, 'EXECUTED', NULL, 'Custom SQL', '', NULL, '2.0.5', NULL, NULL, NULL),
	('20170223125549', 'fledererk', 'liquibase/changes/DESADV-300.xml', '2017-03-02 14:44:41', 83, 'EXECUTED', NULL, 'Custom SQL', '', NULL, '2.0.5', NULL, NULL, NULL),
	('201702271614', 'schlachterk', 'liquibase/changes/PPS-48980.xml', '2017-03-02 14:44:41', 80, 'EXECUTED', NULL, 'Custom SQL', '', NULL, '2.0.5', NULL, NULL, NULL),
	('20170302120221', 'fledererk', 'liquibase/changes/BAHAGCOM-2289.xml', '2017-03-21 12:48:20', 91, 'EXECUTED', NULL, 'Custom SQL', '', NULL, '2.0.5', NULL, NULL, NULL),
	('20170302120222', 'fledererk', 'liquibase/changes/BAHAGCOM-2289.xml', '2017-03-21 12:48:20', 92, 'EXECUTED', NULL, 'Custom SQL', '', NULL, '2.0.5', NULL, NULL, NULL),
	('201703091307', 'rehdersc', 'liquibase/changes/EAIINBOUND-1298.xml', '2017-03-30 15:21:17', 95, 'EXECUTED', NULL, 'Custom SQL', '', NULL, '2.0.5', NULL, NULL, NULL),
	('201703091316', 'rehdersc', 'liquibase/changes/EAIINBOUND-1298.xml', '2017-03-30 15:21:17', 97, 'EXECUTED', NULL, 'Custom SQL', '', NULL, '2.0.5', NULL, NULL, NULL),
	('201703091320', 'rehdersc', 'liquibase/changes/EAIINBOUND-1298.xml', '2017-03-30 15:21:17', 98, 'EXECUTED', NULL, 'Custom SQL', '', NULL, '2.0.5', NULL, NULL, NULL),
	('201703100942', 'mersinlioglue', 'liquibase/changes/PPS-49475.xml', '2017-03-14 08:01:00', 84, 'EXECUTED', NULL, 'Custom SQL', '', NULL, '2.0.5', NULL, NULL, NULL),
	('201703140930', 'koehlers', 'liquibase/changes/FRAMEWORK-1468.xml', '2017-03-20 13:16:54', 85, 'EXECUTED', NULL, 'Custom SQL', '', NULL, '2.0.5', NULL, NULL, NULL),
	('201703140935', 'koehlers', 'liquibase/changes/FRAMEWORK-1468.xml', '2017-03-20 13:16:54', 86, 'EXECUTED', NULL, 'Custom SQL', '', NULL, '2.0.5', NULL, NULL, NULL),
	('201703141015', 'koehlers', 'liquibase/changes/FRAMEWORK-1468.xml', '2017-03-20 13:16:54', 87, 'EXECUTED', NULL, 'Custom SQL', '', NULL, '2.0.5', NULL, NULL, NULL),
	('201703141550', 'koehlers', 'liquibase/changes/PPS-49944.xml', '2017-03-20 13:16:54', 88, 'EXECUTED', NULL, 'Custom SQL', '', NULL, '2.0.5', NULL, NULL, NULL),
	('201703151409', 'stockc', 'liquibase/changes/PPS-50212.xml', '2017-03-20 13:17:20', 89, 'EXECUTED', NULL, 'Custom SQL', '', NULL, '2.0.5', NULL, NULL, NULL),
	('201703161507', 'stockc', 'liquibase/changes/PPS-50212.xml', '2017-03-20 13:17:26', 90, 'EXECUTED', NULL, 'Custom SQL', '', NULL, '2.0.5', NULL, NULL, NULL),
	('201703201605', 'rehdersc', 'liquibase/changes/EAIINBOUND-1298.xml', '2017-03-30 15:21:17', 96, 'EXECUTED', NULL, 'Custom SQL', '', NULL, '2.0.5', NULL, NULL, NULL),
	('20170323124536', 'fledererk', 'liquibase/changes/BDX-1282.xml', '2017-03-28 15:56:29', 93, 'EXECUTED', NULL, 'Custom SQL', '', NULL, '2.0.5', NULL, NULL, NULL),
	('20170323125742', 'fledererk', 'liquibase/changes/BDX-1282.xml', '2017-03-28 15:56:29', 94, 'EXECUTED', NULL, 'Custom SQL', '', NULL, '2.0.5', NULL, NULL, NULL),
	('201703290819', 'stockc', 'liquibase/changes/PPS-50402.xml', '2017-04-03 14:22:37', 99, 'EXECUTED', NULL, 'Custom SQL', '', NULL, '2.0.5', NULL, NULL, NULL),
	('20170403145333', 'fledererk', 'liquibase/changes/PPS-50438.xml', '2017-04-10 11:22:30', 100, 'EXECUTED', NULL, 'Custom SQL', '', NULL, '2.0.5', NULL, NULL, NULL),
	('201704041359', 'schlachterk', 'liquibase/changes/PPS-50718.xml', '2017-04-25 12:56:29', 102, 'EXECUTED', NULL, 'Custom SQL', '', NULL, '2.0.5', NULL, NULL, NULL),
	('20170412145333', 'fledererk', 'liquibase/changes/PPS-51669.xml', '2017-04-19 11:58:23', 101, 'EXECUTED', NULL, 'Custom SQL', '', NULL, '2.0.5', NULL, NULL, NULL),
	('20170412145333', 'fledererk', 'liquibase/changes/PPS-51769.xml', '2017-06-01 08:53:17', 106, 'EXECUTED', NULL, 'Custom SQL', '', NULL, '2.0.5', NULL, NULL, NULL),
	('20170428154133', 'mersinlioglue', 'liquibase/changes/PPS-52150.xml', '2017-04-29 07:50:12', 103, 'EXECUTED', NULL, 'Custom SQL', '', NULL, '2.0.5', NULL, NULL, NULL),
	('201705101301', 'fleischmanns', 'liquibase/changes/PPS-52319.xml', '2017-05-16 08:18:40', 104, 'EXECUTED', NULL, 'Custom SQL', '', NULL, '2.0.5', NULL, NULL, NULL),
	('20170523171624', 'schlachterk', 'liquibase/changes/EURONET-1770.xml', '2017-05-26 07:57:48', 105, 'EXECUTED', NULL, 'Custom SQL', '', NULL, '2.0.5', NULL, NULL, NULL),
	('201705290852', 'rehdersc', 'liquibase/changes/BDX-1287.xml', '2017-06-12 08:13:37', 108, 'EXECUTED', NULL, 'Custom SQL', '', NULL, '2.0.5', NULL, NULL, NULL),
	('20170606174100', 'stockc', 'liquibase/changes/PPS-53033.xml', '2017-06-07 10:14:00', 107, 'EXECUTED', NULL, 'Custom SQL', '', NULL, '2.0.5', NULL, NULL, NULL),
	('20170619135000', 'mersinlioglue', 'liquibase/changes/EURONET-1779.xml', '2017-06-19 14:30:18', 109, 'EXECUTED', NULL, 'Custom SQL', '', NULL, '2.0.5', NULL, NULL, NULL),
	('20170622115400', 'mersinlioglue', 'liquibase/changes/ORDERCENTER-1455.xml', '2017-06-28 08:17:21', 110, 'EXECUTED', NULL, 'Custom SQL', '', NULL, '2.0.5', NULL, NULL, NULL),
	('201706230910', 'schlachterk', 'liquibase/changes/EURONET-1784.xml', '2017-10-10 10:15:55', 132, 'EXECUTED', NULL, 'Drop Column', '', NULL, '2.0.5', NULL, NULL, NULL),
	('201706231521', 'schlachterk', 'liquibase/changes/EURONET-1785.xml', '2017-06-28 08:17:21', 111, 'MARK_RAN', NULL, 'Custom SQL', '', NULL, '2.0.5', NULL, NULL, NULL),
	('201706231522', 'schlachterk', 'liquibase/changes/EURONET-1785.xml', '2017-06-28 08:17:21', 112, 'MARK_RAN', NULL, 'Custom SQL', '', NULL, '2.0.5', NULL, NULL, NULL),
	('201706231623', 'schlachterk', 'liquibase/changes/EURONET-1786.xml', '2017-06-28 08:17:21', 113, 'EXECUTED', NULL, 'Custom SQL', '', NULL, '2.0.5', NULL, NULL, NULL),
	('20170623162900', 'mersinlioglue', 'liquibase/changes/DESADV-430.xml', '2017-06-29 11:24:02', 114, 'EXECUTED', NULL, 'Custom SQL', '', NULL, '2.0.5', NULL, NULL, NULL),
	('20170623173000', 'mersinlioglue', 'liquibase/changes/DESADV-430.xml', '2017-06-29 11:24:02', 115, 'EXECUTED', NULL, 'Custom SQL', '', NULL, '2.0.5', NULL, NULL, NULL),
	('201707031345', 'fleischmanns', 'liquibase/changes/BDX-1291.xml', '2017-07-20 11:30:45', 122, 'EXECUTED', NULL, 'Custom SQL', '', NULL, '2.0.5', NULL, NULL, NULL),
	('201707031347', 'fleischmanns', 'liquibase/changes/BDX-1291.xml', '2017-07-20 11:30:45', 123, 'EXECUTED', NULL, 'Custom SQL (x2)', '', NULL, '2.0.5', NULL, NULL, NULL),
	('201707101013', 'rehdersc', 'liquibase/changes/BDX-1293.xml', '2017-07-12 15:42:26', 116, 'EXECUTED', NULL, 'Custom SQL', '', NULL, '2.0.5', NULL, NULL, NULL),
	('201707111058', 'rehdersc', 'liquibase/changes/BDX-1098.xml', '2017-07-18 13:21:11', 120, 'EXECUTED', NULL, 'Custom SQL', '', NULL, '2.0.5', NULL, NULL, NULL),
	('201707111500', 'fleischmanns', 'liquibase/changes/BAHAGCOM-2299.xml', '2017-07-12 15:42:31', 117, 'EXECUTED', NULL, 'Custom SQL', '', NULL, '2.0.5', NULL, NULL, NULL),
	('201707111536', 'rehdersc', 'liquibase/changes/BDX-1031.xml', '2017-07-18 13:23:50', 121, 'EXECUTED', NULL, 'Custom SQL', '', NULL, '2.0.5', NULL, NULL, NULL),
	('201707111545', 'fleischmanns', 'liquibase/changes/BAHAGCOM-2299.xml', '2017-07-12 15:42:31', 118, 'EXECUTED', NULL, 'Custom SQL (x2)', '', NULL, '2.0.5', NULL, NULL, NULL),
	('20170714100000', 'mersinlioglue', 'liquibase/changes/PPS-54626.xml', '2017-07-17 15:05:54', 119, 'EXECUTED', NULL, 'Custom SQL', '', NULL, '2.0.5', NULL, NULL, NULL),
	('201707171730', 'aulbacha', 'liquibase/changes/BAHAGCOM-2369.xml', '2017-07-26 12:55:55', 124, 'EXECUTED', NULL, 'Custom SQL', '', NULL, '2.0.5', NULL, NULL, NULL),
	('201708221512', 'mersinlioglue', 'liquibase/changes/EURONET-1776.xml', '2017-08-31 15:30:34', 125, 'EXECUTED', NULL, 'Custom SQL', '', NULL, '2.0.5', NULL, NULL, NULL),
	('201708301112', 'bilalim', 'liquibase/changes/BAHAGCOM-2396.xml', '2017-09-05 10:01:27', 126, 'EXECUTED', NULL, 'Custom SQL', '', NULL, '2.0.5', NULL, NULL, NULL),
	('20170911114800', 'schlachterk', 'liquibase/changes/PPS-55566.xml', '2017-10-17 08:07:58', 133, 'EXECUTED', NULL, 'Custom SQL', '', NULL, '2.0.5', NULL, NULL, NULL),
	('20170912120000', 'jehled', 'liquibase/changes/BDX-1360.xml', '2017-09-12 15:25:27', 127, 'EXECUTED', NULL, 'Custom SQL', '', NULL, '2.0.5', NULL, NULL, NULL),
	('20170912120001', 'jehled', 'liquibase/changes/BDX-1360.xml', '2017-09-12 15:25:27', 128, 'EXECUTED', NULL, 'Custom SQL', '', NULL, '2.0.5', NULL, NULL, NULL),
	('20170912120002', 'jehled', 'liquibase/changes/BDX-1360.xml', '2017-09-12 15:25:27', 129, 'EXECUTED', NULL, 'Custom SQL', '', NULL, '2.0.5', NULL, NULL, NULL),
	('20170915141000', 'schlachterk', 'liquibase/changes/PPS-55566.xml', '2017-10-17 08:07:58', 134, 'EXECUTED', NULL, 'Custom SQL', '', NULL, '2.0.5', NULL, NULL, NULL),
	('20170918000000', 'koehlers', 'liquibase/changes/PPS-55566.xml', '2017-10-17 08:07:58', 135, 'EXECUTED', NULL, 'Custom SQL', '', NULL, '2.0.5', NULL, NULL, NULL),
	('20170919084431', 'welscha', 'liquibase/changes/PPS-55566.xml', '2017-10-17 08:07:59', 136, 'EXECUTED', NULL, 'Custom SQL', '', NULL, '2.0.5', NULL, NULL, NULL),
	('20170919171800', 'schlachterk', 'liquibase/changes/PPS-55566.xml', '2017-10-17 08:07:59', 137, 'EXECUTED', NULL, 'Custom SQL', '', NULL, '2.0.5', NULL, NULL, NULL),
	('20170921092500', 'welscha', 'liquibase/changes/PPS-55566.xml', '2017-10-17 08:07:59', 138, 'EXECUTED', NULL, 'Custom SQL', '', NULL, '2.0.5', NULL, NULL, NULL),
	('20170926100400', 'mersinlioglue', 'liquibase/changes/PPS-55566.xml', '2017-10-17 08:07:59', 139, 'EXECUTED', NULL, 'Custom SQL', '', NULL, '2.0.5', NULL, NULL, NULL),
	('20170926110200', 'mersinlioglue', 'liquibase/changes/PPS-55566.xml', '2017-10-17 08:07:59', 140, 'EXECUTED', NULL, 'Custom SQL', '', NULL, '2.0.5', NULL, NULL, NULL),
	('201710020831', 'koehlers', 'liquibase/changes/BAHAGCOM-2382.xml', '2017-10-05 15:37:46', 131, 'EXECUTED', NULL, 'Custom SQL', '', NULL, '2.0.5', NULL, NULL, NULL),
	('201710021400', 'koehlers', 'liquibase/changes/BDX-1361.xml', '2017-10-05 15:36:35', 130, 'EXECUTED', NULL, 'Custom SQL', '', NULL, '2.0.5', NULL, NULL, NULL),
	('201712181045', 'koehlers', 'liquibase/changes/PPS-57390.xml', '2017-12-21 14:16:47', 141, 'MARK_RAN', NULL, 'Custom SQL, Create Procedure', '', NULL, '2.0.5', NULL, NULL, NULL),
	('201712211332', 'welscha', 'liquibase/changes/PPS-57666.xml', '2018-02-06 07:36:10', 143, 'EXECUTED', NULL, 'Custom SQL', '', NULL, '2.0.5', NULL, NULL, NULL),
	('201712211332', 'welscha', 'liquibase/changes/PPS-60397.xml', '2018-02-21 13:08:46', 154, 'EXECUTED', NULL, 'Custom SQL', '', NULL, '2.0.5', NULL, NULL, NULL),
	('201712270730', 'koehlers', 'liquibase/changes/PPS-57666.xml', '2018-02-06 07:36:10', 144, 'EXECUTED', NULL, 'Custom SQL', '', NULL, '2.0.5', NULL, NULL, NULL),
	('201712270830', 'koehlers', 'liquibase/changes/PPS-57666.xml', '2018-02-06 07:36:11', 145, 'EXECUTED', NULL, 'Custom SQL', '', NULL, '2.0.5', NULL, NULL, NULL),
	('201801021630', 'mersinlioglue', 'liquibase/changes/PPS-57666.xml', '2018-02-06 07:36:11', 146, 'EXECUTED', NULL, 'Custom SQL', '', NULL, '2.0.5', NULL, NULL, NULL),
	('201801041530', 'mersinlioglue', 'liquibase/changes/PPS-57666.xml', '2018-02-06 07:36:11', 147, 'EXECUTED', NULL, 'Custom SQL', '', NULL, '2.0.5', NULL, NULL, NULL),
	('201801050930', 'mersinlioglue', 'liquibase/changes/PPS-57666.xml', '2018-02-06 07:36:13', 148, 'EXECUTED', NULL, 'Custom SQL', '', NULL, '2.0.5', NULL, NULL, NULL),
	('201801151411', 'koehlers', 'liquibase/changes/BDX-1464.xml', '2018-03-20 14:56:09', 159, 'EXECUTED', NULL, 'Custom SQL', '', NULL, '2.0.5', NULL, NULL, NULL),
	('201801151730', 'mersinlioglue', 'liquibase/changes/PPS-57666.xml', '2018-02-06 07:36:13', 149, 'EXECUTED', NULL, 'Custom SQL', '', NULL, '2.0.5', NULL, NULL, NULL),
	('201801251033', 'schlachterk', 'liquibase/changes/BAHAGCOM-2532.xml', '2019-10-17 08:51:30', 230, 'EXECUTED', NULL, 'Custom SQL', '', NULL, '2.0.5', NULL, NULL, NULL),
	('201801301506', 'schlachterk', 'liquibase/changes/EURONET-1834.xml', '2018-01-31 07:07:12', 142, 'EXECUTED', NULL, 'Custom SQL', '', NULL, '2.0.5', NULL, NULL, NULL),
	('201802081011', 'schlachterk', 'liquibase/changes/BDX-1294.xml', '2018-02-21 09:02:29', 150, 'EXECUTED', NULL, 'Custom SQL', '', NULL, '2.0.5', NULL, NULL, NULL),
	('201802081012', 'schlachterk', 'liquibase/changes/BDX-1294.xml', '2018-02-21 09:08:00', 151, 'EXECUTED', NULL, 'Custom SQL', '', NULL, '2.0.5', NULL, NULL, NULL),
	('201802081013', 'schlachterk', 'liquibase/changes/BDX-1294.xml', '2018-02-21 09:08:01', 152, 'EXECUTED', NULL, 'Custom SQL', '', NULL, '2.0.5', NULL, NULL, NULL),
	('201802081440', 'schlachterk', 'liquibase/changes/BDX-1294.xml', '2018-02-21 09:08:04', 153, 'EXECUTED', NULL, 'Custom SQL', '', NULL, '2.0.5', NULL, NULL, NULL),
	('201802151630', 'mersinlioglue', 'liquibase/changes/PPS-57369.xml', '2018-02-27 15:40:31', 156, 'EXECUTED', NULL, 'Custom SQL', '', NULL, '2.0.5', NULL, NULL, NULL),
	('201802211300', 'mersinlioglue', 'liquibase/changes/PPS-60397.xml', '2018-02-21 13:16:26', 155, 'EXECUTED', NULL, 'Custom SQL', '', NULL, '2.0.5', NULL, NULL, NULL),
	('201803051600', 'welscha', 'liquibase/changes/EURONET-1831.xml', '2018-03-13 09:40:41', 157, 'EXECUTED', NULL, 'Custom SQL', '', NULL, '2.0.5', NULL, NULL, NULL),
	('201803061319', 'welscha', 'liquibase/changes/FRAMEWORK-1528.xml', '2018-03-13 09:58:55', 158, 'EXECUTED', NULL, 'Custom SQL', '', NULL, '2.0.5', NULL, NULL, NULL),
	('201803131551', 'welscha', 'liquibase/changes/BAHAGCOM-2445.xml', '2018-04-04 09:53:19', 160, 'EXECUTED', NULL, 'Custom SQL', '', NULL, '2.0.5', NULL, NULL, NULL),
	('201803190853', 'schlachterk', 'liquibase/changes/BDX-1625.xml', '2018-04-20 08:24:32', 163, 'EXECUTED', NULL, 'Custom SQL', '', NULL, '2.0.5', NULL, NULL, NULL),
	('201803211706', 'welscha', 'liquibase/changes/BAHAGCOM-2445.xml', '2018-04-04 09:53:19', 161, 'EXECUTED', NULL, 'Custom SQL', '', NULL, '2.0.5', NULL, NULL, NULL),
	('201803271425', 'schlachterk', 'liquibase/changes/BDX-1628.xml', '2018-04-13 09:48:47', 162, 'EXECUTED', NULL, 'Custom SQL', '', NULL, '2.0.5', NULL, NULL, NULL),
	('201804171624', 'koehlers', 'liquibase/changes/BDX-1662.xml', '2018-04-20 12:56:27', 164, 'EXECUTED', NULL, 'Custom SQL', '', NULL, '2.0.5', NULL, NULL, NULL),
	('201804171625', 'koehlers', 'liquibase/changes/BDX-1662.xml', '2018-04-20 12:56:27', 165, 'EXECUTED', NULL, 'Custom SQL', '', NULL, '2.0.5', NULL, NULL, NULL),
	('201804180755', 'koehlers', 'liquibase/changes/PPS-57863.xml', '2018-05-14 08:25:01', 166, 'EXECUTED', NULL, 'Custom SQL', '', NULL, '2.0.5', NULL, NULL, NULL),
	('201805151512', 'schlachterk', 'liquibase/changes/EURONET-1887.xml', '2018-06-05 15:28:04', 167, 'EXECUTED', NULL, 'Custom SQL', '', NULL, '2.0.5', NULL, NULL, NULL),
	('201805151512', 'schlachterk', 'liquibase/changes/FRAMEWORK-1531.xml', '2018-10-29 07:56:27', 191, 'EXECUTED', NULL, 'Custom SQL', '', NULL, '2.0.5', NULL, NULL, NULL),
	('201806211358', 'koehlers', 'liquibase/changes/EAIINBOUND-1773.xml', '2018-06-27 08:16:24', 168, 'EXECUTED', NULL, 'Custom SQL', '', NULL, '2.0.5', NULL, NULL, NULL),
	('201806211402', 'koehlers', 'liquibase/changes/EAIINBOUND-1773.xml', '2018-06-27 08:16:24', 169, 'EXECUTED', NULL, 'Custom SQL', '', NULL, '2.0.5', NULL, NULL, NULL),
	('201806211444', 'koehlers', 'liquibase/changes/PPS-62707.xml', '2018-07-02 08:56:27', 170, 'EXECUTED', NULL, 'Custom SQL', '', NULL, '2.0.5', NULL, NULL, NULL),
	('201807060851', 'koehlers', 'liquibase/changes/BDX-1669.xml', '2018-07-18 07:52:24', 171, 'EXECUTED', NULL, 'Custom SQL', '', NULL, '2.0.5', NULL, NULL, NULL),
	('201807181421', 'koehlers', 'liquibase/changes/EURONET-1922.xml', '2018-09-11 08:22:20', 174, 'EXECUTED', NULL, 'Custom SQL', '', NULL, '2.0.5', NULL, NULL, NULL),
	('201807191337', 'poplavskya', 'liquibase/changes/EBUDEV-440.xml', '2018-07-24 08:36:24', 172, 'EXECUTED', NULL, 'Custom SQL', '', NULL, '2.0.5', NULL, NULL, NULL),
	('201808031121', 'schlachterk', 'liquibase/changes/BDX-1717.xml', '2018-08-13 08:30:14', 173, 'EXECUTED', NULL, 'Custom SQL', '', NULL, '2.0.5', NULL, NULL, NULL),
	('201808290900', 'koehlers', 'liquibase/changes/EURONET-1925.xml', '2018-09-11 08:22:20', 175, 'EXECUTED', NULL, 'Custom SQL', '', NULL, '2.0.5', NULL, NULL, NULL),
	('201808300810', 'koehlers', 'liquibase/changes/EURONET-1925.xml', '2018-09-11 08:22:20', 176, 'EXECUTED', NULL, 'Custom SQL', '', NULL, '2.0.5', NULL, NULL, NULL),
	('201809141301', 'schlachterk', 'liquibase/changes/BDX-1779.xml', '2018-09-17 08:43:03', 177, 'EXECUTED', NULL, 'Custom SQL', '', NULL, '2.0.5', NULL, NULL, NULL),
	('201809141301', 'schlachterk', 'liquibase/changes/BDX-1791.xml', '2018-09-24 08:20:31', 179, 'EXECUTED', NULL, 'Custom SQL', '', NULL, '2.0.5', NULL, NULL, NULL),
	('201809141633', 'welscha', 'liquibase/changes/PPS-63495.xml', '2018-09-24 08:20:30', 178, 'EXECUTED', NULL, 'Custom SQL', '', NULL, '2.0.5', NULL, NULL, NULL),
	('201809251236', 'schlachterk', 'liquibase/changes/EURONET-1943.xml', '2018-10-24 09:02:30', 190, 'EXECUTED', NULL, 'Custom SQL', '', NULL, '2.0.5', NULL, NULL, NULL),
	('201809251446', 'schlachterk', 'liquibase/changes/BAHAGCOM-2541.xml', '2018-09-26 11:01:33', 180, 'EXECUTED', NULL, 'Custom SQL', '', NULL, '2.0.5', NULL, NULL, NULL),
	('201809251529', 'schlachterk', 'liquibase/changes/BAHAGCOM-2541.xml', '2018-09-26 11:01:33', 181, 'EXECUTED', NULL, 'Custom SQL', '', NULL, '2.0.5', NULL, NULL, NULL),
	('201809260859', 'schlachterk', 'liquibase/changes/BAHAGCOM-2541.xml', '2018-09-26 11:01:33', 182, 'EXECUTED', NULL, 'Custom SQL', '', NULL, '2.0.5', NULL, NULL, NULL),
	('201809261204', 'schlachterk', 'liquibase/changes/BAHAGCOM-2535.xml', '2018-10-04 08:26:56', 183, 'EXECUTED', NULL, 'Custom SQL', '', NULL, '2.0.5', NULL, NULL, NULL),
	('201809261515', 'hammers', 'liquibase/changes/BAHAGCOM-2545.xml', '2018-10-04 08:26:56', 184, 'EXECUTED', NULL, 'Custom SQL', '', NULL, '2.0.5', NULL, NULL, NULL),
	('201809261516', 'hammers', 'liquibase/changes/BAHAGCOM-2545.xml', '2018-10-04 08:26:56', 185, 'EXECUTED', NULL, 'Custom SQL', '', NULL, '2.0.5', NULL, NULL, NULL),
	('201809261518', 'hammers', 'liquibase/changes/BAHAGCOM-2545.xml', '2018-10-04 08:26:56', 186, 'EXECUTED', NULL, 'Custom SQL', '', NULL, '2.0.5', NULL, NULL, NULL),
	('201810161152', 'schlachterk', 'liquibase/changes/BAHAGCOM-2553.xml', '2018-10-23 08:12:27', 187, 'EXECUTED', NULL, 'Custom SQL', '', NULL, '2.0.5', NULL, NULL, NULL),
	('20181019133400', 'bilalim', 'liquibase/changes/BAHAGCOM-2433.xml', '2018-10-24 09:02:30', 188, 'EXECUTED', NULL, 'Custom SQL', '', NULL, '2.0.5', NULL, NULL, NULL),
	('201810230859', 'schlachterk', 'liquibase/changes/BAHAGCOM-2564.xml', '2018-10-24 09:02:30', 189, 'EXECUTED', NULL, 'Custom SQL', '', NULL, '2.0.5', NULL, NULL, NULL),
	('201811021027', 'schlachterk', 'liquibase/changes/EURONET-1940.xml', '2018-12-20 08:23:34', 193, 'EXECUTED', NULL, 'Custom SQL', '', NULL, '2.0.5', NULL, NULL, NULL),
	('201812031513', 'koehlers', 'liquibase/changes/EURONET-1955.xml', '2018-12-10 08:04:28', 192, 'EXECUTED', NULL, 'Custom SQL', '', NULL, '2.0.5', NULL, NULL, NULL),
	('201901021634', 'schlachterk', 'liquibase/changes/BAHAGCOM-2532.xml', '2019-10-17 08:51:29', 225, 'EXECUTED', NULL, 'Custom SQL', '', NULL, '2.0.5', NULL, NULL, NULL),
	('201901111250', 'schlachterk', 'liquibase/changes/BAHAGCOM-2532.xml', '2019-10-17 08:51:29', 226, 'EXECUTED', NULL, 'Custom SQL', '', NULL, '2.0.5', NULL, NULL, NULL),
	('201901111251', 'schlachterk', 'liquibase/changes/BAHAGCOM-2532.xml', '2019-10-17 08:51:29', 227, 'EXECUTED', NULL, 'Custom SQL', '', NULL, '2.0.5', NULL, NULL, NULL),
	('201901161646', 'schlachterk', 'liquibase/changes/BAHAGCOM-2532.xml', '2019-10-17 08:51:30', 229, 'EXECUTED', NULL, 'Custom SQL', '', NULL, '2.0.5', NULL, NULL, NULL),
	('201901311228', 'schlachterk', 'liquibase/changes/BAHAGCOM-2532.xml', '2019-10-17 08:51:30', 231, 'EXECUTED', NULL, 'Custom SQL', '', NULL, '2.0.5', NULL, NULL, NULL),
	('201902040950', 'schlachtker', 'liquibase/changes/BAHAGCOM-2532.xml', '2019-10-17 08:51:30', 233, 'EXECUTED', NULL, 'Custom SQL', '', NULL, '2.0.5', NULL, NULL, NULL),
	('201902080900', 'poplavskya', 'liquibase/changes/EBUDEV-913.xml', '2019-02-12 08:14:13', 194, 'EXECUTED', NULL, 'Custom SQL', '', NULL, '2.0.5', NULL, NULL, NULL),
	('201902121100', 'bilalim', 'liquibase/changes/PPS-70952.xml', '2020-09-23 07:28:36', 396, 'EXECUTED', '8:6ac007256c6c00f2a3e9e59002df18b8', 'Custom SQL', '', NULL, '2.0.5', NULL, NULL, NULL),
	('201902121419', 'schlachterk', 'liquibase/changes/PPS-62705.xml', '2019-06-25 07:40:52', 201, 'EXECUTED', NULL, 'Custom SQL', '', NULL, '2.0.5', NULL, NULL, NULL),
	('201902151039', 'schlachterk', 'liquibase/changes/PPS-62705.xml', '2019-06-25 07:40:52', 202, 'EXECUTED', NULL, 'Custom SQL', '', NULL, '2.0.5', NULL, NULL, NULL),
	('201902200944', 'schlachterk', 'liquibase/changes/PPS-62705.xml', '2019-06-25 07:40:52', 203, 'EXECUTED', NULL, 'Custom SQL', '', NULL, '2.0.5', NULL, NULL, NULL),
	('201902201545', 'bilalim', 'liquibase/changes/PPS-62705.xml', '2019-06-25 07:40:35', 200, 'EXECUTED', NULL, 'Custom SQL', '', NULL, '2.0.5', NULL, NULL, NULL),
	('201902271253', 'schlachterk', 'liquibase/changes/EURONET-1982.xml', '2019-03-06 08:20:44', 195, 'EXECUTED', NULL, 'Custom SQL', '', NULL, '2.0.5', NULL, NULL, NULL),
	('201903141420', 'mersinlioglue', 'liquibase/changes/EBUDEV-843.xml', '2019-03-26 08:05:24', 196, 'EXECUTED', NULL, 'Custom SQL', '', NULL, '2.0.5', NULL, NULL, NULL),
	('201903141448', 'mersinlioglue', 'liquibase/changes/EBUDEV-843.xml', '2019-03-26 08:05:24', 197, 'EXECUTED', NULL, 'Custom SQL', '', NULL, '2.0.5', NULL, NULL, NULL),
	('201904121717', 'mersinlioglue', 'liquibase/changes/EURONET-1978.xml', '2019-04-16 08:12:49', 198, 'EXECUTED', NULL, 'Custom SQL', '', NULL, '2.0.5', NULL, NULL, NULL),
	('201905201041', 'welscha', 'liquibase/changes/BDX-1937.xml', '2019-05-29 07:40:32', 199, 'EXECUTED', NULL, 'Custom SQL', '', NULL, '2.0.5', NULL, NULL, NULL),
	('201907040800', 'leideckb', 'liquibase/changes/EAIINBOUND-2114.xml', '2019-07-05 07:56:29', 204, 'EXECUTED', NULL, 'Custom SQL', '', NULL, '2.0.5', NULL, NULL, NULL),
	('201907151341', 'koehlers', 'liquibase/changes/BDX-1959.xml', '2019-07-29 08:26:42', 206, 'EXECUTED', NULL, 'Custom SQL', '', NULL, '2.0.5', NULL, NULL, NULL),
	('201907151342', 'koehlers', 'liquibase/changes/BDX-1959.xml', '2019-07-29 08:26:42', 207, 'EXECUTED', NULL, 'Custom SQL', '', NULL, '2.0.5', NULL, NULL, NULL),
	('201907151343', 'koehlers', 'liquibase/changes/BDX-1959.xml', '2019-07-29 08:26:43', 208, 'EXECUTED', NULL, 'Custom SQL', '', NULL, '2.0.5', NULL, NULL, NULL),
	('201907151344', 'koehlers', 'liquibase/changes/BDX-1959.xml', '2019-07-29 08:26:43', 209, 'EXECUTED', NULL, 'Custom SQL', '', NULL, '2.0.5', NULL, NULL, NULL),
	('201907151345', 'koehlers', 'liquibase/changes/BDX-1959.xml', '2019-07-29 08:26:44', 210, 'EXECUTED', NULL, 'Custom SQL', '', NULL, '2.0.5', NULL, NULL, NULL),
	('201907311203', 'schlachterk', 'liquibase/changes/BAHAGCOM-2653.xml', '2019-08-08 08:48:19', 211, 'EXECUTED', NULL, 'Custom SQL', '', NULL, '2.0.5', NULL, NULL, NULL),
	('201908151333', 'bilalim', 'liquibase/changes/EBUDEV-1835.xml', '2019-08-26 07:40:28', 212, 'EXECUTED', NULL, 'Custom SQL', '', NULL, '2.0.5', NULL, NULL, NULL),
	('201908161021', 'welscha', 'liquibase/changes/BDX-1967.xml', '2019-08-28 08:12:26', 213, 'EXECUTED', NULL, 'Custom SQL', '', NULL, '2.0.5', NULL, NULL, NULL),
	('201908281050', 'leideckb', 'liquibase/changes/PPS-72337.xml', '2019-10-07 08:12:30', 219, 'EXECUTED', NULL, 'Custom SQL', '', NULL, '2.0.5', NULL, NULL, NULL),
	('201908291315', 'welscha', 'liquibase/changes/PPS-72343.xml', '2019-10-07 08:12:30', 220, 'EXECUTED', NULL, 'Custom SQL', '', NULL, '2.0.5', NULL, NULL, NULL),
	('201909041150', 'leideckb', 'liquibase/changes/PPS-79280.xml', '2019-10-07 08:12:31', 221, 'EXECUTED', NULL, 'Custom SQL', '', NULL, '2.0.5', NULL, NULL, NULL),
	('201909051330', 'leideckb', 'liquibase/changes/PPS-79280.xml', '2019-10-07 08:12:32', 222, 'EXECUTED', NULL, 'Custom SQL', '', NULL, '2.0.5', NULL, NULL, NULL),
	('201909061600', 'schlachterk', 'liquibase/changes/PPS-71676.xml', '2019-09-12 08:52:38', 214, 'EXECUTED', NULL, 'Custom SQL', '', NULL, '2.0.5', NULL, NULL, NULL),
	('201909131300', 'mersinlioglue', 'liquibase/changes/EURONET-2054.xml', '2019-09-25 07:32:42', 215, 'EXECUTED', NULL, 'Custom SQL', '', NULL, '2.0.5', NULL, NULL, NULL),
	('201909181300', 'mersinlioglue', 'liquibase/changes/EURONET-2054.xml', '2019-09-25 07:32:43', 216, 'EXECUTED', NULL, 'Custom SQL', '', NULL, '2.0.5', NULL, NULL, NULL),
	('201909191045', 'mersinlioglue', 'liquibase/changes/EURONET-2054.xml', '2019-09-25 07:32:43', 217, 'EXECUTED', NULL, 'Custom SQL', '', NULL, '2.0.5', NULL, NULL, NULL),
	('201909191245', 'mersinlioglue', 'liquibase/changes/EURONET-2054.xml', '2019-09-25 07:32:43', 218, 'EXECUTED', NULL, 'Custom SQL', '', NULL, '2.0.5', NULL, NULL, NULL),
	('201909191345', 'schlachtker', 'liquibase/changes/BAHAGCOM-2532.xml', '2019-10-17 08:51:30', 234, 'EXECUTED', NULL, 'Custom SQL', '', NULL, '2.0.5', NULL, NULL, NULL),
	('201909201508', 'schlachterk', 'liquibase/changes/BAHAGCOM-2532.xml', '2019-10-17 08:51:30', 232, 'EXECUTED', NULL, 'Custom SQL', '', NULL, '2.0.5', NULL, NULL, NULL),
	('201910011248', 'schlachterk', 'liquibase/changes/EBUDEV-1962.xml', '2019-10-07 08:12:32', 223, 'EXECUTED', NULL, 'Custom SQL', '', NULL, '2.0.5', NULL, NULL, NULL),
	('201910071535', 'koehlers', 'liquibase/changes/EURONET-2028.xml', '2019-07-15 09:30:10', 205, 'EXECUTED', NULL, 'Custom SQL', '', NULL, '2.0.5', NULL, NULL, NULL),
	('201910081247', 'schlachterk', 'liquibase/changes/PPS-82359.xml', '2019-10-14 10:03:29', 224, 'EXECUTED', NULL, 'Custom SQL', '', NULL, '2.0.5', NULL, NULL, NULL),
	('201910161438', 'schlachterk', 'liquibase/changes/BAHAGCOM-2532.xml', '2019-10-17 08:51:30', 235, 'EXECUTED', NULL, 'Custom SQL', '', NULL, '2.0.5', NULL, NULL, NULL),
	('201910161710', 'schlachterk', 'liquibase/changes/EBUDEV-2641.xml', '2020-03-03 08:52:41', 319, 'EXECUTED', NULL, 'Custom SQL', '', NULL, '2.0.5', NULL, NULL, NULL),
	('201910161710', 'schlachterk', 'liquibase/changes/EBUDEV-2691.xml', '2020-03-11 08:35:41', 321, 'EXECUTED', NULL, 'Custom SQL', '', NULL, '2.0.5', NULL, NULL, NULL),
	('201910161710', 'schlachterk', 'liquibase/changes/EURONET-2085.xml', '2019-10-24 08:01:35', 236, 'EXECUTED', NULL, 'Custom SQL', '', NULL, '2.0.5', NULL, NULL, NULL),
	('201910171034', 'schlachterk', 'liquibase/changes/EURONET-2085.xml', '2019-10-24 09:11:27', 276, 'EXECUTED', NULL, 'Custom SQL', '', NULL, '2.0.5', NULL, NULL, NULL),
	('201910171047', 'schlachterk', 'liquibase/changes/EURONET-2085.xml', '2019-10-24 12:47:24', 277, 'EXECUTED', NULL, 'Custom SQL', '', NULL, '2.0.5', NULL, NULL, NULL),
	('201910171340', 'schlachterk', 'liquibase/changes/EURONET-2085.xml', '2019-10-24 12:50:23', 278, 'EXECUTED', NULL, 'Custom SQL', '', NULL, '2.0.5', NULL, NULL, NULL),
	('201910171345', 'schlachterk', 'liquibase/changes/EURONET-2085.xml', '2019-10-24 09:07:30', 240, 'EXECUTED', NULL, 'Custom SQL', '', NULL, '2.0.5', NULL, NULL, NULL),
	('201910171403', 'schlachterk', 'liquibase/changes/EURONET-2085.xml', '2019-10-24 09:07:33', 241, 'EXECUTED', NULL, 'Custom SQL', '', NULL, '2.0.5', NULL, NULL, NULL),
	('201910251616', 'mersinlioglue', 'liquibase/changes/EBUDEV-2048.xml', '2019-10-30 07:36:24', 279, 'EXECUTED', NULL, 'Custom SQL', '', NULL, '2.0.5', NULL, NULL, NULL),
	('201911061044', 'mersinlioglue', 'liquibase/changes/PPS-83226.xml', '2020-01-22 07:28:44', 295, 'EXECUTED', NULL, 'Custom SQL', '', NULL, '2.0.5', NULL, NULL, NULL),
	('201911061348', 'schlachterk', 'liquibase/changes/PPS-83226.xml', '2020-01-22 07:28:45', 296, 'EXECUTED', NULL, 'Custom SQL', '', NULL, '2.0.5', NULL, NULL, NULL),
	('201911071444', 'mersinlioglue', 'liquibase/changes/PPS-83226.xml', '2020-01-22 07:28:58', 297, 'EXECUTED', NULL, 'Custom SQL', '', NULL, '2.0.5', NULL, NULL, NULL),
	('201911071542', 'mersinlioglue', 'liquibase/changes/PPS-83226.xml', '2020-01-22 07:29:12', 298, 'EXECUTED', NULL, 'Custom SQL', '', NULL, '2.0.5', NULL, NULL, NULL),
	('201911201033', 'schlachterk', 'liquibase/changes/PPS-83226.xml', '2020-01-22 07:29:12', 299, 'EXECUTED', NULL, 'Custom SQL', '', NULL, '2.0.5', NULL, NULL, NULL),
	('201911201034', 'koehlers', 'liquibase/changes/PPS-83226.xml', '2020-01-22 07:29:12', 300, 'EXECUTED', NULL, 'Custom SQL', '', NULL, '2.0.5', NULL, NULL, NULL),
	('2019112041744', 'schlachterk', 'liquibase/changes/PPS-83226.xml', '2020-01-22 07:29:12', 304, 'EXECUTED', NULL, 'Custom SQL', '', NULL, '2.0.5', NULL, NULL, NULL),
	('201911211029', 'schlachterk', 'liquibase/changes/PPS-83226.xml', '2020-01-22 07:29:12', 301, 'EXECUTED', NULL, 'Custom SQL', '', NULL, '2.0.5', NULL, NULL, NULL),
	('201911280799', 'koehlers', 'liquibase/changes/PPS-83226.xml', '2020-01-22 07:29:12', 302, 'EXECUTED', NULL, 'Custom SQL', '', NULL, '2.0.5', NULL, NULL, NULL),
	('201911280800', 'koehlers', 'liquibase/changes/PPS-83226.xml', '2020-01-22 07:29:12', 303, 'EXECUTED', NULL, 'Create Procedure', '', NULL, '2.0.5', NULL, NULL, NULL),
	('201912041045', 'mersinlioglue', 'liquibase/changes/EBUDEV-2168.xml', '2019-12-04 12:33:52', 280, 'EXECUTED', NULL, 'Custom SQL', '', NULL, '2.0.5', NULL, NULL, NULL),
	('201912051120', 'schlachterk', 'liquibase/changes/EBUDEV-2114.xml', '2019-12-23 07:16:41', 281, 'EXECUTED', NULL, 'Custom SQL', '', NULL, '2.0.5', NULL, NULL, NULL),
	('201912051121', 'schlachterk', 'liquibase/changes/EBUDEV-2114.xml', '2019-12-23 07:16:41', 282, 'EXECUTED', NULL, 'Custom SQL', '', NULL, '2.0.5', NULL, NULL, NULL),
	('201912171520', 'koehlers', 'liquibase/changes/EBUDEV-2246.xml', '2019-12-23 07:16:41', 284, 'EXECUTED', NULL, 'Custom SQL', '', NULL, '2.0.5', NULL, NULL, NULL),
	('201912171522', 'koehlers', 'liquibase/changes/EBUDEV-2246.xml', '2019-12-23 07:16:41', 285, 'EXECUTED', NULL, 'Custom SQL', '', NULL, '2.0.5', NULL, NULL, NULL),
	('201912171623', 'schlachterk', 'liquibase/changes/EBUDEV-2114.xml', '2019-12-23 07:16:41', 283, 'EXECUTED', NULL, 'Custom SQL', '', NULL, '2.0.5', NULL, NULL, NULL),
	('201912180750', 'koehlers', 'liquibase/changes/EBUDEV-2246.xml', '2019-12-23 07:16:41', 286, 'EXECUTED', NULL, 'Custom SQL', '', NULL, '2.0.5', NULL, NULL, NULL),
	('201912181238', 'schlachterk', 'liquibase/changes/EBUDEV-2181.xml', '2020-01-16 08:55:10', 287, 'EXECUTED', NULL, 'Custom SQL', '', NULL, '2.0.5', NULL, NULL, NULL),
	('201912181403', 'schlachterk', 'liquibase/changes/EBUDEV-2181.xml', '2020-01-16 08:55:11', 288, 'EXECUTED', NULL, 'Custom SQL', '', NULL, '2.0.5', NULL, NULL, NULL),
	('201912181435', 'schlachterk', 'liquibase/changes/EBUDEV-2181.xml', '2020-01-16 08:55:14', 289, 'EXECUTED', NULL, 'Custom SQL', '', NULL, '2.0.5', NULL, NULL, NULL),
	('201912181444', 'schlachterk', 'liquibase/changes/EBUDEV-2181.xml', '2020-01-16 08:55:14', 290, 'EXECUTED', NULL, 'Custom SQL', '', NULL, '2.0.5', NULL, NULL, NULL),
	('201912191052', 'schlachterk', 'liquibase/changes/EBUDEV-2181.xml', '2020-01-16 08:55:17', 291, 'EXECUTED', NULL, 'Custom SQL', '', NULL, '2.0.5', NULL, NULL, NULL),
	('201912191228', 'schlachterk', 'liquibase/changes/EBUDEV-2181.xml', '2020-01-16 08:55:17', 292, 'EXECUTED', NULL, 'Custom SQL', '', NULL, '2.0.5', NULL, NULL, NULL),
	('201912191358', 'schlachterk', 'liquibase/changes/EBUDEV-2181.xml', '2020-01-16 08:55:17', 293, 'EXECUTED', NULL, 'Custom SQL', '', NULL, '2.0.5', NULL, NULL, NULL),
	('201991141429', 'schlachterk', 'liquibase/changes/BAHAGCOM-2532.xml', '2019-10-17 08:51:29', 228, 'EXECUTED', NULL, 'Custom SQL', '', NULL, '2.0.5', NULL, NULL, NULL),
	('202001130906', 'koehlers', 'liquibase/changes/PPS-83226.xml', '2020-01-22 07:29:12', 305, 'EXECUTED', NULL, 'Custom SQL', '', NULL, '2.0.5', NULL, NULL, NULL),
	('202001130934', 'schlachterk', 'liquibase/changes/PPS-83226.xml', '2020-01-22 07:29:13', 306, 'EXECUTED', NULL, 'Custom SQL', '', NULL, '2.0.5', NULL, NULL, NULL),
	('202001131200', 'koehlers', 'liquibase/changes/PPS-83226.xml', '2020-01-22 07:29:13', 307, 'EXECUTED', NULL, 'Custom SQL', '', NULL, '2.0.5', NULL, NULL, NULL),
	('202001140843', 'schlachterk', 'liquibase/changes/EBUDEV-2181.xml', '2020-01-16 08:55:17', 294, 'EXECUTED', NULL, 'Custom SQL', '', NULL, '2.0.5', NULL, NULL, NULL),
	('202001140850', 'schlachterk', 'liquibase/changes/PPS-83226.xml', '2020-01-22 07:29:13', 308, 'EXECUTED', NULL, 'Custom SQL', '', NULL, '2.0.5', NULL, NULL, NULL),
	('202002100840', 'koehlers', 'liquibase/changes/EBUDEV-2565.xml', '2020-02-20 08:46:24', 310, 'EXECUTED', NULL, 'Custom SQL', '', NULL, '2.0.5', NULL, NULL, NULL),
	('202002121450', 'schlachterk', 'liquibase/changes/EBUDEV-2545.xml', '2020-02-20 08:46:25', 312, 'EXECUTED', NULL, 'Custom SQL', '', NULL, '2.0.5', NULL, NULL, NULL),
	('202002121452', 'schlachterk', 'liquibase/changes/EBUDEV-2545.xml', '2020-02-20 08:46:32', 313, 'EXECUTED', NULL, 'Custom SQL', '', NULL, '2.0.5', NULL, NULL, NULL),
	('202002131202', 'schlachterk', 'liquibase/changes/EBUDEV-2565.xml', '2020-02-20 08:46:25', 311, 'EXECUTED', NULL, 'Custom SQL', '', NULL, '2.0.5', NULL, NULL, NULL),
	('202002181227', 'schlachterk', 'liquibase/changes/BDX-1982.xml', '2020-02-26 07:16:35', 314, 'EXECUTED', NULL, 'Custom SQL', '', NULL, '2.0.5', NULL, NULL, NULL),
	('202002200909', 'schlachterk', 'liquibase/changes/BAHAGCOM-2593.xml', '2020-02-27 08:08:20', 316, 'EXECUTED', NULL, 'Custom SQL', '', NULL, '2.0.5', NULL, NULL, NULL),
	('202002241013', 'schlachterk', 'liquibase/changes/EBUDEV-2584.xml', '2020-02-26 07:16:35', 315, 'EXECUTED', NULL, 'Custom SQL', '', NULL, '2.0.5', NULL, NULL, NULL),
	('202002271412', 'schlachterk', 'liquibase/changes/EBUDEV-2599.xml', '2020-03-03 08:52:41', 317, 'EXECUTED', NULL, 'Custom SQL', '', NULL, '2.0.5', NULL, NULL, NULL),
	('202002271426', 'schlachterk', 'liquibase/changes/EBUDEV-2637.xml', '2020-03-03 08:52:41', 318, 'EXECUTED', NULL, 'Custom SQL', '', NULL, '2.0.5', NULL, NULL, NULL),
	('202002271432', 'schlachterk', 'liquibase/changes/EBUDEV-2635.xml', '2020-03-03 08:52:41', 320, 'EXECUTED', NULL, 'Custom SQL', '', NULL, '2.0.5', NULL, NULL, NULL),
	('202003091635', 'schlachterk', 'liquibase/changes/EBUDEV-2711.xml', '2020-03-19 07:04:17', 322, 'EXECUTED', NULL, 'Custom SQL', '', NULL, '2.0.5', NULL, NULL, NULL),
	('202003111616', 'schlachterk', 'liquibase/changes/EBUDEV-2618.xml', '2020-03-19 07:04:17', 323, 'EXECUTED', NULL, 'Custom SQL', '', NULL, '2.0.5', NULL, NULL, NULL),
	('202003111617', 'schlachterk', 'liquibase/changes/EBUDEV-2618.xml', '2020-03-19 07:04:17', 324, 'EXECUTED', NULL, 'Custom SQL', '', NULL, '2.0.5', NULL, NULL, NULL),
	('202003161137', 'schlachterk', 'liquibase/changes/EBUDEV-2618.xml', '2020-03-19 07:04:17', 325, 'EXECUTED', NULL, 'Custom SQL', '', NULL, '2.0.5', NULL, NULL, NULL),
	('202003161138', 'schlachterk', 'liquibase/changes/EBUDEV-2618.xml', '2020-03-19 07:04:17', 326, 'EXECUTED', NULL, 'Custom SQL', '', NULL, '2.0.5', NULL, NULL, NULL),
	('202003161139', 'schlachterk', 'liquibase/changes/EBUDEV-2618.xml', '2020-03-19 07:04:17', 327, 'EXECUTED', NULL, 'Custom SQL', '', NULL, '2.0.5', NULL, NULL, NULL),
	('202003161140', 'schlachterk', 'liquibase/changes/EBUDEV-2618.xml', '2020-03-19 07:04:17', 328, 'EXECUTED', NULL, 'Custom SQL', '', NULL, '2.0.5', NULL, NULL, NULL),
	('202003161141', 'schlachterk', 'liquibase/changes/EBUDEV-2618.xml', '2020-03-19 07:04:17', 329, 'EXECUTED', NULL, 'Custom SQL', '', NULL, '2.0.5', NULL, NULL, NULL),
	('202003161142', 'schlachterk', 'liquibase/changes/EBUDEV-2618.xml', '2020-03-19 07:04:17', 330, 'EXECUTED', NULL, 'Custom SQL', '', NULL, '2.0.5', NULL, NULL, NULL),
	('202003161143', 'schlachterk', 'liquibase/changes/EBUDEV-2618.xml', '2020-03-19 07:04:17', 331, 'EXECUTED', NULL, 'Custom SQL', '', NULL, '2.0.5', NULL, NULL, NULL),
	('202003161144', 'schlachterk', 'liquibase/changes/EBUDEV-2618.xml', '2020-03-19 07:04:17', 332, 'EXECUTED', NULL, 'Custom SQL', '', NULL, '2.0.5', NULL, NULL, NULL),
	('202003161145', 'schlachterk', 'liquibase/changes/EBUDEV-2618.xml', '2020-03-19 07:04:17', 333, 'EXECUTED', NULL, 'Custom SQL', '', NULL, '2.0.5', NULL, NULL, NULL),
	('202003161146', 'schlachterk', 'liquibase/changes/EBUDEV-2618.xml', '2020-03-19 07:04:17', 334, 'EXECUTED', NULL, 'Custom SQL', '', NULL, '2.0.5', NULL, NULL, NULL),
	('202003161147', 'schlachterk', 'liquibase/changes/EBUDEV-2618.xml', '2020-03-19 07:04:17', 335, 'EXECUTED', NULL, 'Custom SQL', '', NULL, '2.0.5', NULL, NULL, NULL),
	('202003161148', 'schlachterk', 'liquibase/changes/EBUDEV-2618.xml', '2020-03-19 07:04:17', 336, 'EXECUTED', NULL, 'Custom SQL', '', NULL, '2.0.5', NULL, NULL, NULL),
	('202003161149', 'schlachterk', 'liquibase/changes/EBUDEV-2618.xml', '2020-03-19 07:04:17', 337, 'EXECUTED', NULL, 'Custom SQL', '', NULL, '2.0.5', NULL, NULL, NULL),
	('202003161150', 'schlachterk', 'liquibase/changes/EBUDEV-2618.xml', '2020-03-19 07:04:17', 338, 'EXECUTED', NULL, 'Custom SQL', '', NULL, '2.0.5', NULL, NULL, NULL),
	('202003161151', 'schlachterk', 'liquibase/changes/EBUDEV-2618.xml', '2020-03-19 07:04:17', 339, 'EXECUTED', NULL, 'Custom SQL', '', NULL, '2.0.5', NULL, NULL, NULL),
	('202003161152', 'schlachterk', 'liquibase/changes/EBUDEV-2618.xml', '2020-03-19 07:04:17', 340, 'EXECUTED', NULL, 'Custom SQL', '', NULL, '2.0.5', NULL, NULL, NULL),
	('202003161153', 'schlachterk', 'liquibase/changes/EBUDEV-2618.xml', '2020-03-19 07:04:17', 341, 'EXECUTED', NULL, 'Custom SQL', '', NULL, '2.0.5', NULL, NULL, NULL),
	('202003161154', 'schlachterk', 'liquibase/changes/EBUDEV-2618.xml', '2020-03-19 07:04:17', 342, 'EXECUTED', NULL, 'Custom SQL', '', NULL, '2.0.5', NULL, NULL, NULL),
	('202003161155', 'schlachterk', 'liquibase/changes/EBUDEV-2618.xml', '2020-03-19 07:04:17', 343, 'EXECUTED', NULL, 'Custom SQL', '', NULL, '2.0.5', NULL, NULL, NULL),
	('202003161156', 'schlachterk', 'liquibase/changes/EBUDEV-2618.xml', '2020-03-19 07:04:17', 344, 'EXECUTED', NULL, 'Custom SQL', '', NULL, '2.0.5', NULL, NULL, NULL),
	('202003161157', 'schlachterk', 'liquibase/changes/EBUDEV-2618.xml', '2020-03-19 07:04:17', 345, 'EXECUTED', NULL, 'Custom SQL', '', NULL, '2.0.5', NULL, NULL, NULL),
	('202003161158', 'schlachterk', 'liquibase/changes/EBUDEV-2618.xml', '2020-03-19 07:04:17', 346, 'EXECUTED', NULL, 'Custom SQL', '', NULL, '2.0.5', NULL, NULL, NULL),
	('202003311124', 'koehlers', 'liquibase/changes/EBUDEV-2772.xml', '2020-03-31 12:57:16', 347, 'EXECUTED', NULL, 'Custom SQL', '', NULL, '2.0.5', NULL, NULL, NULL),
	('202003311124', 'schlachterk', 'liquibase/changes/EBUDEV-2736.xml', '2020-04-28 09:12:19', 349, 'EXECUTED', NULL, 'Custom SQL', '', NULL, '2.0.5', NULL, NULL, NULL),
	('202004091425', 'koehlers', 'liquibase/changes/EBUDEV-2892.xml', '2020-04-20 08:02:17', 348, 'EXECUTED', NULL, 'Custom SQL', '', NULL, '2.0.5', NULL, NULL, NULL),
	('202004091833', 'schlachterk', 'liquibase/changes/EBUDEV-2896.xml', '2020-04-28 09:12:32', 354, 'EXECUTED', NULL, 'Custom SQL', '', NULL, '2.0.5', NULL, NULL, NULL),
	('202004091920', 'schlachterk', 'liquibase/changes/EBUDEV-2896.xml', '2020-04-28 09:12:32', 355, 'EXECUTED', NULL, 'Custom SQL', '', NULL, '2.0.5', NULL, NULL, NULL),
	('202004150702', 'schlachterk', 'liquibase/changes/EBUDEV-2736.xml', '2020-04-28 09:12:19', 350, 'EXECUTED', NULL, 'Custom SQL', '', NULL, '2.0.5', NULL, NULL, NULL),
	('202004150716', 'schlachterk', 'liquibase/changes/EBUDEV-2736.xml', '2020-04-28 09:12:19', 351, 'MARK_RAN', NULL, 'Custom SQL', '', NULL, '2.0.5', NULL, NULL, NULL),
	('202004150801', 'schlachterk', 'liquibase/changes/EBUDEV-2736.xml', '2020-04-28 09:12:19', 352, 'EXECUTED', NULL, 'Custom SQL', '', NULL, '2.0.5', NULL, NULL, NULL),
	('202004241830', 'schlachterk', 'liquibase/changes/EBUDEV-2736.xml', '2020-04-28 09:12:19', 353, 'EXECUTED', NULL, 'Custom SQL', '', NULL, '2.0.5', NULL, NULL, NULL),
	('202005051223', 'schlachterk', 'liquibase/changes/PPS-88892.xml', '2020-05-13 08:45:36', 356, 'EXECUTED', NULL, 'Custom SQL', '', NULL, '2.0.5', NULL, NULL, NULL),
	('202005051225', 'schlachterk', 'liquibase/changes/PPS-88892.xml', '2020-05-13 08:45:36', 357, 'EXECUTED', NULL, 'Custom SQL', '', NULL, '2.0.5', NULL, NULL, NULL),
	('202005051228', 'schlachterk', 'liquibase/changes/PPS-88892.xml', '2020-05-13 08:45:36', 358, 'EXECUTED', NULL, 'Custom SQL', '', NULL, '2.0.5', NULL, NULL, NULL),
	('202005051338', 'schlachterk', 'liquibase/changes/PPS-88892.xml', '2020-05-13 08:45:36', 359, 'EXECUTED', NULL, 'Custom SQL', '', NULL, '2.0.5', NULL, NULL, NULL),
	('202005120813', 'schlachterk', 'liquibase/changes/PPS-88892.xml', '2020-05-13 08:45:36', 360, 'EXECUTED', NULL, 'Custom SQL', '', NULL, '2.0.5', NULL, NULL, NULL),
	('202005140801', 'schlachterk', 'liquibase/changes/EBUDEV-2906.xml', '2020-06-02 18:22:06', 361, 'EXECUTED', NULL, 'Custom SQL', '', NULL, '2.0.5', NULL, NULL, NULL),
	('202006120901', 'spiesj', 'liquibase/changes/EBUDEV-3291.xml', '2020-07-13 08:30:44', 364, 'EXECUTED', NULL, 'Create Table', '', NULL, '2.0.5', NULL, NULL, NULL),
	('202006151945', 'schlachterk', 'liquibase/changes/EBUDEV-3302.xml', '2020-06-15 19:50:48', 362, 'EXECUTED', NULL, 'Custom SQL', '', NULL, '2.0.5', NULL, NULL, NULL),
	('202006170907', 'spiesj', 'liquibase/changes/EBUDEV-3291.xml', '2020-07-13 08:30:44', 366, 'EXECUTED', NULL, 'Custom SQL', '', NULL, '2.0.5', NULL, NULL, NULL),
	('202006190939', 'schlachterk', 'liquibase/changes/EBUDEV-3291.xml', '2020-07-13 08:30:44', 365, 'EXECUTED', NULL, 'Custom SQL', '', NULL, '2.0.5', NULL, NULL, NULL),
	('202006290954', 'spiesj', 'liquibase/changes/EBUDEV-3291.xml', '2020-07-13 08:30:51', 367, 'EXECUTED', NULL, 'Custom SQL', '', NULL, '2.0.5', NULL, NULL, NULL),
	('202007101236', 'schlachterk', 'liquibase/changes/EBUDEV-3223.xml', '2020-07-14 08:06:00', 368, 'EXECUTED', NULL, 'Custom SQL', '', NULL, '2.0.5', NULL, NULL, NULL),
	('20200741007', 'schlachterk', 'liquibase/changes/EBUDEV-3161.xml', '2020-11-02 10:33:00', 424, 'EXECUTED', '8:2a166bae0073f9ff63bbfe27bcec8ac1', 'sql', '', NULL, '3.10.2', 'euronet', NULL, '4309580449'),
	('20200741007', 'schlachterk', 'liquibase/changes/EBUDEV-3409.xml', '2020-07-06 08:38:40', 363, 'EXECUTED', NULL, 'Custom SQL', '', NULL, '2.0.5', NULL, NULL, NULL),
	('20200741007', 'schlachterk', 'liquibase/changes/EBUDEV-3574.xml', '2020-08-20 08:28:41', 373, 'EXECUTED', NULL, 'Custom SQL', '', NULL, '2.0.5', NULL, NULL, NULL),
	('202008121327', 'schlachterk', 'liquibase/changes/EBUDEV-3570.xml', '2020-08-20 08:28:41', 369, 'EXECUTED', NULL, 'Custom SQL', '', NULL, '2.0.5', NULL, NULL, NULL),
	('202008121328', 'schlachterk', 'liquibase/changes/EBUDEV-3570.xml', '2020-08-20 08:28:41', 370, 'EXECUTED', NULL, 'Custom SQL', '', NULL, '2.0.5', NULL, NULL, NULL),
	('202008121347', 'schlachterk', 'liquibase/changes/EBUDEV-3570.xml', '2020-08-20 08:28:41', 371, 'EXECUTED', NULL, 'Custom SQL', '', NULL, '2.0.5', NULL, NULL, NULL),
	('202008121350', 'schlachterk', 'liquibase/changes/EBUDEV-3570.xml', '2020-08-20 08:28:41', 372, 'EXECUTED', NULL, 'Custom SQL', '', NULL, '2.0.5', NULL, NULL, NULL),
	('2020081306', 'schlachterk', 'liquibase/changes/EBUDEV-3599.xml', '2020-09-23 07:28:36', 398, 'EXECUTED', '8:c2585d1d5a37e46995027fe4bee4d3ee', 'Custom SQL', '', NULL, '2.0.5', NULL, NULL, NULL),
	('202008141148', 'schlachterk', 'liquibase/changes/EBUDEV-3574.xml', '2020-08-20 08:28:41', 374, 'EXECUTED', NULL, 'Custom SQL', '', NULL, '2.0.5', NULL, NULL, NULL),
	('202008141150', 'schlachterk', 'liquibase/changes/EBUDEV-3574.xml', '2020-08-20 08:28:41', 375, 'EXECUTED', NULL, 'Custom SQL', '', NULL, '2.0.5', NULL, NULL, NULL),
	('202008141151', 'schlachterk', 'liquibase/changes/EBUDEV-3574.xml', '2020-08-20 08:28:41', 376, 'EXECUTED', NULL, 'Custom SQL', '', NULL, '2.0.5', NULL, NULL, NULL),
	('202008311534', 'schlachterk', 'liquibase/changes/EBUDEV-3764.xml', '2020-09-08 08:35:47', 377, 'EXECUTED', NULL, 'Custom SQL', '', NULL, '2.0.5', NULL, NULL, NULL),
	('202009011126', 'schlachterk', 'liquibase/changes/EBUDEV-3777.xml', '2020-09-09 08:44:34', 390, 'EXECUTED', '8:db0e5bab1f395891b5756e1525377c22', 'Custom SQL', '', NULL, '2.0.5', NULL, NULL, NULL),
	('202009021328', 'schlachterk', 'liquibase/changes/EBUDEV-3508.xml', '2020-09-23 07:28:36', 397, 'EXECUTED', '8:5611ac17f2073d190fd82c511bb2bd78', 'Custom SQL', '', NULL, '2.0.5', NULL, NULL, NULL),
	('202009031037', 'schlachterk', 'liquibase/changes/EBUDEV-2742.xml', '2020-09-08 08:35:59', 378, 'EXECUTED', NULL, 'Custom SQL', '', NULL, '2.0.5', NULL, NULL, NULL),
	('202009031038', 'schlachterk', 'liquibase/changes/EBUDEV-2742.xml', '2020-09-08 08:36:08', 379, 'EXECUTED', NULL, 'Custom SQL', '', NULL, '2.0.5', NULL, NULL, NULL),
	('202009031039', 'schlachterk', 'liquibase/changes/EBUDEV-2742.xml', '2020-09-08 08:36:12', 380, 'EXECUTED', NULL, 'Custom SQL', '', NULL, '2.0.5', NULL, NULL, NULL),
	('202009031040', 'schlachterk', 'liquibase/changes/EBUDEV-2742.xml', '2020-09-08 08:36:15', 381, 'EXECUTED', NULL, 'Custom SQL', '', NULL, '2.0.5', NULL, NULL, NULL),
	('202009031041', 'schlachterk', 'liquibase/changes/EBUDEV-2742.xml', '2020-09-08 08:36:21', 382, 'EXECUTED', NULL, 'Custom SQL', '', NULL, '2.0.5', NULL, NULL, NULL),
	('202009031042', 'schlachterk', 'liquibase/changes/EBUDEV-2742.xml', '2020-09-08 08:36:25', 383, 'EXECUTED', NULL, 'Custom SQL', '', NULL, '2.0.5', NULL, NULL, NULL),
	('202009031043', 'schlachterk', 'liquibase/changes/EBUDEV-2742.xml', '2020-09-08 08:36:29', 384, 'EXECUTED', NULL, 'Custom SQL', '', NULL, '2.0.5', NULL, NULL, NULL),
	('202009031044', 'schlachterk', 'liquibase/changes/EBUDEV-2742.xml', '2020-09-08 08:36:34', 385, 'EXECUTED', NULL, 'Custom SQL', '', NULL, '2.0.5', NULL, NULL, NULL),
	('202009031045', 'schlachterk', 'liquibase/changes/EBUDEV-2742.xml', '2020-09-08 08:36:37', 386, 'EXECUTED', NULL, 'Custom SQL', '', NULL, '2.0.5', NULL, NULL, NULL),
	('202009031046', 'schlachterk', 'liquibase/changes/EBUDEV-2742.xml', '2020-09-08 08:36:37', 387, 'EXECUTED', NULL, 'Custom SQL', '', NULL, '2.0.5', NULL, NULL, NULL),
	('202009031110', 'schlachterk', 'liquibase/changes/EBUDEV-2742.xml', '2020-09-08 08:36:37', 388, 'EXECUTED', NULL, 'Custom SQL', '', NULL, '2.0.5', NULL, NULL, NULL),
	('202009031604', 'schlachterk', 'liquibase/changes/EBUDEV-2880.xml', '2020-09-15 09:04:54', 391, 'EXECUTED', '8:a1648195fbaf1342ab5d72a025859c22', 'Custom SQL', '', NULL, '2.0.5', NULL, NULL, NULL),
	('202009071332', 'schlachterk', 'liquibase/changes/EBUDEV-3785.xml', '2020-09-08 08:36:37', 389, 'EXECUTED', NULL, 'Custom SQL', '', NULL, '2.0.5', NULL, NULL, NULL),
	('202009171139', 'schlachterk', 'liquibase/changes/EBUDEV-3854.xml', '2020-09-21 07:56:39', 392, 'EXECUTED', '8:06b928e77cf0bfdd1542ee0840d79ee3', 'Custom SQL', '', NULL, '2.0.5', NULL, NULL, NULL),
	('202009211403', 'schlachterk', 'liquibase/changes/EBUDEV-3836.xml', '2020-09-24 07:36:52', 402, 'EXECUTED', '8:99cf80f1d58d3dce7261d53c86af2347', 'Custom SQL', '', NULL, '2.0.5', NULL, NULL, NULL),
	('202009211404', 'schlachterk', 'liquibase/changes/EBUDEV-3848.xml', '2020-09-23 07:28:36', 394, 'EXECUTED', '8:731ce72e47880aa608508d43d9afe200', 'Custom SQL', '', NULL, '2.0.5', NULL, NULL, NULL),
	('202009211503', 'schlachterk', 'liquibase/changes/EBUDEV-3848.xml', '2020-09-23 07:28:36', 395, 'EXECUTED', '8:74364b6af42bbdc04b649d435dcb7d05', 'Custom SQL', '', NULL, '2.0.5', NULL, NULL, NULL),
	('202009211519', 'spiesj', 'liquibase/changes/EBUDEV-3856.xml', '2020-09-23 07:28:32', 393, 'EXECUTED', '8:e8d081f01aaeeafc3745fa6c1ff97ab7', 'Custom SQL', '', NULL, '2.0.5', NULL, NULL, NULL),
	('202009211537', 'schlachterk', 'liquibase/changes/EBUDEV-3850.xml', '2020-10-05 12:58:49', 403, 'EXECUTED', '8:05eca901421fed45ea43373547367620', 'Custom SQL', '', NULL, '2.0.5', NULL, NULL, NULL),
	('202009221150', 'mersinlioglue', 'liquibase/changes/EBUDEV-3851.xml', '2020-09-24 07:36:52', 399, 'EXECUTED', '8:5d97d91d2739409b6c36566a6796f591', 'Custom SQL', '', NULL, '2.0.5', NULL, NULL, NULL),
	('202009221155', 'mersinlioglue', 'liquibase/changes/EBUDEV-3851.xml', '2020-09-24 07:36:52', 400, 'EXECUTED', '8:274c31887d25ed25bfb143205b9882f1', 'Custom SQL', '', NULL, '2.0.5', NULL, NULL, NULL),
	('202009230930', 'mersinlioglue', 'liquibase/changes/EBUDEV-3851.xml', '2020-09-24 07:36:52', 401, 'EXECUTED', '8:0fbc247d5fefc802f72bddc950e906b9', 'Custom SQL', '', NULL, '2.0.5', NULL, NULL, NULL),
	('202009241257', 'schlachterk', 'liquibase/changes/EBUDEV-3850.xml', '2020-10-05 12:58:49', 404, 'EXECUTED', '8:62d81db125e48d854b62ec938af94061', 'Custom SQL', '', NULL, '2.0.5', NULL, NULL, NULL),
	('202009301147', 'schlachter', 'liquibase/changes/EBUDEV-3923.xml', '2020-10-05 12:58:50', 405, 'EXECUTED', '8:242e7fbae9da50380c15e758b0781144', 'Custom SQL', '', NULL, '2.0.5', NULL, NULL, NULL),
	('202009301155', 'schlachter', 'liquibase/changes/EBUDEV-3923.xml', '2020-10-05 12:58:50', 406, 'EXECUTED', '8:f188585da3d6f25d548ef86f53ecce7a', 'Custom SQL', '', NULL, '2.0.5', NULL, NULL, NULL),
	('202009301159', 'schlachter', 'liquibase/changes/EBUDEV-3923.xml', '2020-10-05 12:58:52', 407, 'EXECUTED', '8:3fcbc033f8df1978f4b7ee21e093be85', 'Custom SQL', '', NULL, '2.0.5', NULL, NULL, NULL),
	('202009301605', 'schlachter', 'liquibase/changes/EBUDEV-3923.xml', '2020-10-05 12:58:52', 408, 'EXECUTED', '8:5f6bb774c71184163c22b51b1b415e43', 'Custom SQL', '', NULL, '2.0.5', NULL, NULL, NULL),
	('202009301703', 'schlachter', 'liquibase/changes/EBUDEV-3923.xml', '2020-10-05 12:58:52', 409, 'EXECUTED', '8:45793f1f292e3fef5bb49c902767e0db', 'Custom SQL', '', NULL, '2.0.5', NULL, NULL, NULL),
	('202009302128', 'schlachter', 'liquibase/changes/EBUDEV-3923.xml', '2020-10-05 12:58:52', 410, 'EXECUTED', '8:f27afee76172de3a55387b5101b721a7', 'Custom SQL', '', NULL, '2.0.5', NULL, NULL, NULL),
	('202010011415', 'schlachter', 'liquibase/changes/EBUDEV-3923.xml', '2020-10-05 12:58:52', 411, 'EXECUTED', '8:c62f30fff54a31aec3fa9134ba83a1a3', 'Custom SQL', '', NULL, '2.0.5', NULL, NULL, NULL),
	('202010011416', 'schlachter', 'liquibase/changes/EBUDEV-3923.xml', '2020-10-05 12:58:54', 412, 'EXECUTED', '8:49c739f0c6ac20b7498417df5b197d07', 'Custom SQL', '', NULL, '2.0.5', NULL, NULL, NULL),
	('202010021726', 'schlachter', 'liquibase/changes/EBUDEV-3923.xml', '2020-10-05 12:58:54', 413, 'EXECUTED', '8:074994af66e32d57b9df333769d39632', 'Custom SQL', '', NULL, '2.0.5', NULL, NULL, NULL),
	('202010051233', 'schlachter', 'liquibase/changes/EBUDEV-3923.xml', '2020-10-05 12:58:54', 414, 'EXECUTED', '8:267ea9f832fc8006e2420a562edd8540', 'Custom SQL', '', NULL, '2.0.5', NULL, NULL, NULL),
	('202010071249', 'schlachterk', 'liquibase/changes/EBUDEV-3813.xml', '2020-10-14 07:52:30', 418, 'EXECUTED', '8:57f4252e08b975cba667f6bd266dd2ec', 'Custom SQL', '', NULL, '2.0.5', NULL, NULL, NULL),
	('202010071440', 'schlachterk', 'liquibase/changes/EBUDEV-3813.xml', '2020-10-14 07:52:30', 419, 'EXECUTED', '8:98c9b505fba9f13e55005309e8ca80f9', 'Custom SQL', '', NULL, '2.0.5', NULL, NULL, NULL),
	('202010071647', 'welscha', 'liquibase/changes/EBUDEV-3914.xml', '2020-10-14 07:52:30', 415, 'EXECUTED', '8:890fdd22fdde6e49c04854d598023d24', 'Custom SQL', '', NULL, '2.0.5', NULL, NULL, NULL),
	('202010081000', 'welscha', 'liquibase/changes/EBUDEV-3914.xml', '2020-10-14 07:52:30', 416, 'EXECUTED', '8:fea265b18a800119660ea0af7aba7bd3', 'Custom SQL', '', NULL, '2.0.5', NULL, NULL, NULL),
	('202010081145', 'welscha', 'liquibase/changes/EBUDEV-3914.xml', '2020-10-14 07:52:30', 417, 'EXECUTED', '8:710cde2ae06a04057a9b36c650dcd7d0', 'Custom SQL', '', NULL, '2.0.5', NULL, NULL, NULL),
	('202010090713', 'schlachter', 'liquibase/changes/EBUDEV-3045.xml', '2020-10-14 07:52:30', 420, 'EXECUTED', '8:d267f2cc79fabd91e2fcd50bd4abeb5f', 'Custom SQL', '', NULL, '2.0.5', NULL, NULL, NULL),
	('202010131416', 'schlachter', 'liquibase/changes/EBUDEV-3045.xml', '2020-10-14 07:52:30', 421, 'EXECUTED', '8:6b62a1bc883506052a6677729ed78fcf', 'Custom SQL', '', NULL, '2.0.5', NULL, NULL, NULL),
	('202010191437', 'koehlers', 'liquibase/changes/EBUDEV-4045.xml', '2020-10-19 14:52:29', 422, 'EXECUTED', '8:29ee8ae22c97f456a9a1e0e7f89d743a', 'Custom SQL', '', NULL, '2.0.5', NULL, NULL, NULL),
	('202010210724', 'schlachterk', 'liquibase/changes/EBUDEV-4057.xml', '2021-12-06 09:39:10', 488, 'EXECUTED', '8:67f564ba1509f6db7fce0214b732586d', 'sql', '', NULL, '3.10.2', 'bahagcom', NULL, '8779949998'),
	('202010210727', 'schlachterk', 'liquibase/changes/EBUDEV-4057.xml', '2020-10-22 14:24:26', 423, 'EXECUTED', '8:88fa249f777ae27a7498037f0ae321e1', 'Custom SQL', '', NULL, '2.0.5', NULL, NULL, NULL),
	('202010221120', 'schlachter', 'liquibase/changes/EBUDEV-3826.xml', '2020-11-17 07:49:00', 309, 'EXECUTED', '8:4bc7548777bc74633d99e0234caad757', 'sql', '', NULL, '3.10.2', 'bahagcom', NULL, '5595740754'),
	('202010260950', 'koehlers', 'liquibase/changes/EBUDEV-4064.xml', '2020-11-02 10:33:00', 425, 'EXECUTED', '8:ca2add724b8f7ea1230672c840457d57', 'sql', '', NULL, '3.10.2', 'euronet', NULL, '4309580449'),
	('202010261025', 'koehlers', 'liquibase/changes/EBUDEV-4064B.xml', '2020-11-02 10:33:01', 426, 'EXECUTED', '8:4b80e3b58d2e1fd67fc0b6f7987b9fc1', 'sql', '', NULL, '3.10.2', 'euronet', NULL, '4309580449'),
	('202010261740', 'spiesj', 'liquibase/changes/EBUDEV-4064B.xml', '2020-11-02 10:33:02', 427, 'EXECUTED', '8:a19bdaebfb8ec8e0d259b0fe0df3aab8', 'sql', '', NULL, '3.10.2', 'euronet', NULL, '4309580449'),
	('202010281016', 'spiesj', 'liquibase/changes/EBUDEV-4064B.xml', '2020-11-02 10:33:02', 428, 'EXECUTED', '8:a70e5d2552aa8916fd55a79ee8ecd708', 'sql', '', NULL, '3.10.2', 'euronet', NULL, '4309580449'),
	('202010281020', 'spiesj', 'liquibase/changes/EBUDEV-4064B.xml', '2020-11-02 10:33:02', 429, 'EXECUTED', '8:a930ab5e82f1d1efe8edd933aa5c7990', 'sql', '', NULL, '3.10.2', 'euronet', NULL, '4309580449'),
	('202011031336', 'schlachterk', 'liquibase/changes/EBUDEV-3942.xml', '2020-11-05 07:54:01', 430, 'EXECUTED', '8:a7ddedb69bfd86134a233db98abe7a85', 'sql', '', NULL, '3.10.2', 'euronet', NULL, '4559241579'),
	('202011120832', 'schlachterk', 'liquibase/changes/EBUDEV-3829.xml', '2020-11-19 07:44:24', 431, 'EXECUTED', '8:c33a41499fa89c956e6d1a210b092723', 'sql', '', NULL, '3.10.2', 'euronet', NULL, '5768264680'),
	('202011120833', 'schlachterk', 'liquibase/changes/EBUDEV-3829.xml', '2020-11-19 07:44:11', 310, 'EXECUTED', '8:2c46f84f2c86c912d3217620b2a0dc97', 'sql', '', NULL, '3.10.2', 'bahagcom', NULL, '5768251063'),
	('202011120834', 'schlachterk', 'liquibase/changes/EBUDEV-3829.xml', '2020-11-19 07:44:24', 432, 'EXECUTED', '8:0e50780d4c328bd7ec7c641f625fae70', 'sql', '', NULL, '3.10.2', 'euronet', NULL, '5768264680'),
	('202011121112', 'schlachterk', 'liquibase/changes/EBUDEV-4183.xml', '2020-11-26 12:08:19', 437, 'EXECUTED', '8:43c42e40eaed8d0d9d3185b34809226c', 'sql', '', NULL, '3.10.2', 'euronet', NULL, '6388897719'),
	('202011121137', 'schlachterk', 'liquibase/changes/EBUDEV-4183.xml', '2020-11-26 12:08:21', 438, 'EXECUTED', '8:d4ea74400578c8b02f9ed4712120f41f', 'sql', '', NULL, '3.10.2', 'euronet', NULL, '6388897719'),
	('202011161432', 'schlachterk', 'liquibase/changes/EBUDEV-4183.xml', '2020-11-26 12:08:21', 439, 'EXECUTED', '8:339dc05d82b386e237fb20e7aee9fd09', 'sql', '', NULL, '3.10.2', 'euronet', NULL, '6388897719'),
	('202011161434', 'schlachterk', 'liquibase/changes/EBUDEV-4183.xml', '2020-11-26 12:08:24', 440, 'EXECUTED', '8:bf40f5bbffb423dc853290390fb3f4d3', 'sql', '', NULL, '3.10.2', 'euronet', NULL, '6388897719'),
	('202011161805', 'schlachterk', 'liquibase/changes/EBUDEV-4183.xml', '2020-11-26 12:08:24', 441, 'EXECUTED', '8:ed8cd6c366a37e683c51cc235a0b1f0e', 'sql', '', NULL, '3.10.2', 'euronet', NULL, '6388897719'),
	('202011181355', 'schlachterk', 'liquibase/changes/EBUDEV-4250.xml', '2020-11-23 07:44:24', 433, 'EXECUTED', '8:e5fad72caba24fa3ba06cad188150557', 'sql', '', NULL, '3.10.2', NULL, NULL, '6113861062'),
	('202011191317', 'schlachterk', 'liquibase/changes/EBUDEV-4183.xml', '2020-11-26 12:08:27', 442, 'EXECUTED', '8:99a33a5f2cd155ca2cf1589fabfc03d4', 'sql', '', NULL, '3.10.2', 'euronet', NULL, '6388897719'),
	('202011250740', 'schlachterk', 'liquibase/changes/EBUDEV-4359.xml', '2020-12-08 07:47:33', 444, 'EXECUTED', '8:b80c289b73c61aba0561af3beab0309d', 'sql', '', NULL, '3.10.2', 'euronet', NULL, '7410053547'),
	('202011251214', 'schlachterk', 'liquibase/changes/EBUDEV-4251.xml', '2021-12-06 09:46:14', 492, 'EXECUTED', '8:d0669d23f6c40682ca90b5f8aa6c5d3a', 'sql', '', NULL, '3.10.2', 'bahagcom', NULL, '8780374015'),
	('202011251214', 'schlachterk', 'liquibase/changes/EBUDEV-4369.xml', '2020-11-26 07:53:39', 434, 'EXECUTED', '8:fab293a5e9f53514ca92f91f60b7c286', 'sql', '', NULL, '3.10.2', 'euronet', NULL, '6373588130'),
	('202011251214', 'schlachterk', 'liquibase/changes/EBUDEV-4504.xml', '2021-12-06 09:18:16', 485, 'EXECUTED', '8:5761ed775d18e05db84c0d99a0047aec', 'sql', '', NULL, '3.10.2', 'euronet', NULL, '8778696076'),
	('202011251421', 'schlachterk', 'liquibase/changes/EBUDEV-4369.xml', '2020-11-26 07:53:39', 435, 'EXECUTED', '8:7e3f4e4391b18e8acdf1a80a6f2bf7b3', 'sql', '', NULL, '3.10.2', 'euronet', NULL, '6373588130'),
	('202011251421', 'schlachterk', 'liquibase/changes/EBUDEV-4504.xml', '2021-12-06 09:44:07', 490, 'EXECUTED', '8:64707c809e84ea20250776325fdf5d13', 'sql', '', NULL, '3.10.2', 'bahagcom', NULL, '8780247659'),
	('202011251517', 'schlachterk', 'liquibase/changes/EBUDEV-4369.xml', '2020-11-26 07:53:39', 436, 'EXECUTED', '8:e57146ffc382c6a769674a8f4fee8bba', 'sql', '', NULL, '3.10.2', 'euronet', NULL, '6373588130'),
	('202011261032', 'schlachterk', 'liquibase/changes/EBUDEV-4183.xml', '2020-11-26 12:08:27', 443, 'EXECUTED', '8:d7dbd471bb8e16551c9d60a255d65199', 'sql', '', NULL, '3.10.2', 'euronet', NULL, '6388897719'),
	('202012041205', 'welscha', 'liquibase/changes/EBUDEV-4139.xml', '2021-12-06 09:44:07', 489, 'EXECUTED', '8:8522bc91d468203061d1f45833959f59', 'sql', '', NULL, '3.10.2', 'bahagcom', NULL, '8780247659'),
	('202012041645', 'welscha', 'liquibase/changes/EBUDEV-4303.xml', '2020-12-09 14:56:30', 445, 'EXECUTED', '8:a484fefc9ba18f29d916d91b7490ddaa', 'sql', '', NULL, '3.10.2', 'euronet', NULL, '7522190655'),
	('202012091353', 'koehlers', 'liquibase/changes/EBUDEV-3100.xml', '2020-12-16 08:53:07', 446, 'EXECUTED', '8:ad87536e136207fc58b3667e265da578', 'sql', '', NULL, '3.10.2', 'euronet', NULL, '8105170236'),
	('202012111058', 'schlachterk', 'liquibase/changes/EBUDEV-4251.xml', '2021-12-06 09:46:14', 493, 'EXECUTED', '8:cae85414bb1022e2e0c00100a3324b1b', 'sql', '', NULL, '3.10.2', 'bahagcom', NULL, '8780374015'),
	('202012111338', 'schlachterk', 'liquibase/changes/EBUDEV-4251.xml', '2021-12-06 09:46:14', 494, 'EXECUTED', '8:8062f8d547b1c89e0ec5c94dba0eb9ac', 'sql', '', NULL, '3.10.2', 'bahagcom', NULL, '8780374015'),
	('202012140813', 'koehlers', 'liquibase/changes/EBUDEV-3100.xml', '2020-12-16 08:53:07', 447, 'EXECUTED', '8:aa40c943a2b79a8be32b0040fc823456', 'sql', '', NULL, '3.10.2', 'euronet', NULL, '8105170236'),
	('202024010844', 'schlachterk', 'liquibase/changes/EBUDEV-2459.xml', '2020-02-03 08:05:58', 309, 'EXECUTED', NULL, 'Custom SQL', '', NULL, '2.0.5', NULL, NULL, NULL),
	('202101281400', 'schlachterk', 'liquibase/changes/EBUDEV-4598.xml', '2021-12-06 09:44:07', 491, 'MARK_RAN', '8:90aee37eb65284706b22fd1e034eb522', 'sql', '', NULL, '3.10.2', 'bahagcom', NULL, '8780247659'),
	('202101281500', 'spiesj', 'liquibase/changes/EBUDEV-4598.xml', '2021-02-03 08:01:15', 315, 'EXECUTED', '8:098f93a87de5192ab702f3aa442eb3fa', 'sql', '', NULL, '3.10.2', 'bahagcom', NULL, '2335674604'),
	('202102011254', 'schlachterk', 'liquibase/changes/EBUDEV-4725.xml', '2021-02-03 08:03:29', 449, 'EXECUTED', '8:5be5ca7e744c13a350b747ab60dd19b0', 'sql', '', NULL, '3.10.2', 'euronet', NULL, '2335792604'),
	('202102251152', 'welscha', 'liquibase/changes/EBUDEV-4804.xml', '2021-03-01 08:19:06', 450, 'EXECUTED', '8:11f5822deb47fc608a3389c8b7a73675', 'sql', '', NULL, '3.10.2', 'euronet', NULL, '4583146884'),
	('202103021244', 'koehlers', 'liquibase/changes/EBUDEV-3732.xml', '2021-03-08 07:24:26', 451, 'EXECUTED', '8:d202d82035a83cf845f7fa75c310f5f8', 'sql', '', NULL, '3.10.2', NULL, NULL, '5184665843'),
	('202103021245', 'koehlers', 'liquibase/changes/EBUDEV-3732.xml', '2021-03-08 07:24:26', 452, 'EXECUTED', '8:ab4570009e9941003fe070d529ca276c', 'sql', '', NULL, '3.10.2', 'euronet', NULL, '5184665843'),
	('202103181607', 'koehlers', 'liquibase/changes/EBUDEV-3732B.xml', '2021-03-24 10:01:45', 453, 'EXECUTED', '8:df682673a56a4f46ee2878764fdc04c0', 'sql', '', NULL, '3.10.2', 'euronet', NULL, '6576481646'),
	('202103181608', 'koehlers', 'liquibase/changes/EBUDEV-3732B.xml', '2021-03-24 10:02:07', 454, 'EXECUTED', '8:9f1a4078f04dffa1541fc5d085263940', 'sql', '', NULL, '3.10.2', 'euronet', NULL, '6576481646'),
	('202103291115', 'koehlers', 'liquibase/changes/EBUDEV-4251.xml', '2021-12-06 09:46:14', 495, 'EXECUTED', '8:4df02be4612d9eb75b30c149ff8d2de8', 'sql', '', NULL, '3.10.2', 'bahagcom', NULL, '8780374015'),
	('202103291116', 'koehlers', 'liquibase/changes/EBUDEV-4251.xml', '2021-12-06 09:46:14', 496, 'EXECUTED', '8:ceb18fcb2105078f0078f6e5393e3ffe', 'sql', '', NULL, '3.10.2', 'bahagcom', NULL, '8780374015'),
	('202104261350', 'mersinlioglue', 'liquibase/changes/EBUDEV-4923.xml', '2021-10-19 08:52:49', 473, 'EXECUTED', '8:a26a1ea17dd17f17e231361928d652a2', 'sql', '', NULL, '3.10.2', NULL, NULL, '4626368256'),
	('202104261520', 'mersinlioglue', 'liquibase/changes/EBUDEV-4923.xml', '2021-10-19 08:52:49', 474, 'EXECUTED', '8:80e57fba564d98b6ebc944ffa65cdfff', 'sql', '', NULL, '3.10.2', 'euronet', NULL, '4626368256'),
	('202105201345', 'schlachterk', 'liquibase/changes/OC-113.xml', '2021-06-22 08:47:44', 455, 'EXECUTED', '8:4c77ce425b4e6b4663609e725db08e6e', 'sql', '', NULL, '3.10.2', 'euronet', NULL, '4344464463'),
	('202105271229', 'schlachterk', 'liquibase/changes/OC-113.xml', '2021-06-22 08:47:44', 456, 'EXECUTED', '8:f5903b71bcc06eda1ea44b6694a9929a', 'sql', '', NULL, '3.10.2', 'euronet', NULL, '4344464463'),
	('202105271230', 'schlachterk', 'liquibase/changes/OC-113.xml', '2021-06-22 08:47:44', 457, 'EXECUTED', '8:ae74f1bbeb09eaca51dff339f6e9505f', 'sql', '', NULL, '3.10.2', 'euronet', NULL, '4344464463'),
	('202105271240', 'schlachterk', 'liquibase/changes/OC-113.xml', '2021-06-22 08:47:44', 458, 'EXECUTED', '8:0ca806937ef3f2a01c5adc3399691ca7', 'sql', '', NULL, '3.10.2', 'euronet', NULL, '4344464463'),
	('202106071129', 'schlachterk', 'liquibase/changes/OC-113.xml', '2021-06-22 08:47:44', 459, 'EXECUTED', '8:aba5fd5c05c174a24af676edc6921f83', 'sql', '', NULL, '3.10.2', 'euronet', NULL, '4344464463'),
	('202106071210', 'spiesj', 'liquibase/changes/OC-113.xml', '2021-06-22 08:47:44', 461, 'EXECUTED', '8:2b09a9f52e7883338070c08c0893541f', 'sql', '', NULL, '3.10.2', 'euronet', NULL, '4344464463'),
	('202106110831', 'schlachterk', 'liquibase/changes/OC-113.xml', '2021-06-22 08:47:44', 460, 'EXECUTED', '8:60c67d1cc2069fbc27122c7388ff302a', 'sql', '', NULL, '3.10.2', 'euronet', NULL, '4344464463'),
	('202106150756', 'spiesj', 'liquibase/changes/OC-151.xml', '2021-06-22 08:47:45', 463, 'EXECUTED', '8:bb2fd5eef0918299ca7e247c7b0b377f', 'sql', '', NULL, '3.10.2', 'euronet', NULL, '4344464463'),
	('202106150756', 'spiesj', 'liquibase/changes/OC-89.xml', '2021-07-19 14:30:07', 466, 'EXECUTED', '8:f9b51d2ee6618935715d1686fe167dfd', 'sql', '', NULL, '3.10.2', NULL, NULL, '6697807497'),
	('202106151450', 'spiesj', 'liquibase/changes/OC-113.xml', '2021-06-22 08:47:45', 462, 'EXECUTED', '8:cc7238ce057c61526d3217be253bd370', 'sql', '', NULL, '3.10.2', 'euronet', NULL, '4344464463'),
	('202106151450', 'spiesj', 'liquibase/changes/OC-151.xml', '2021-06-22 08:47:45', 464, 'EXECUTED', '8:8fee30dbe86ea000c829abbc0d47efc7', 'sql', '', NULL, '3.10.2', 'euronet', NULL, '4344464463'),
	('202106160805', 'spiesj', 'liquibase/changes/OC-151.xml', '2021-06-22 08:47:45', 465, 'EXECUTED', '8:d09a200d3aea2c8a466d8ba1055ec5e1', 'sql', '', NULL, '3.10.2', 'euronet', NULL, '4344464463'),
	('202107151550', 'schlachterk', 'liquibase/changes/OC-165.xml', '2021-07-19 14:30:07', 467, 'EXECUTED', '8:94dc8ba9329dd9377a0df37e455bac1f', 'sql', '', NULL, '3.10.2', NULL, NULL, '6697807497'),
	('202107201333', 'schlachterk', 'liquibase/changes/OC-173.xml', '2021-07-28 07:22:35', 468, 'EXECUTED', '8:d5682cc823862e10b0f697fb26736ece', 'sql', '', NULL, '3.10.2', NULL, NULL, '7449755389'),
	('202107201426', 'schlachterk', 'liquibase/changes/OC-173.xml', '2021-07-28 07:22:47', 469, 'EXECUTED', '8:5d147d0a9de6feb9c5b976b8e6c4473b', 'sql', '', NULL, '3.10.2', NULL, NULL, '7449755389'),
	('202107211130', 'spiesj', 'liquibase/changes/OC-173.xml', '2021-07-28 07:22:47', 470, 'EXECUTED', '8:ea1a1581041e344dd30d0f93acc1ef4c', 'sql', '', NULL, '3.10.2', NULL, NULL, '7449755389'),
	('202109031551', 'schlachterk', 'liquibase/changes/OC-324.xml', '2021-09-27 08:44:27', 471, 'EXECUTED', '8:a43f6864ac9c7b905498ebf2659f88e2', 'sql', '', NULL, '3.10.2', 'euronet', NULL, '2725067267'),
	('202109231300', 'koehlers', 'liquibase/changes/SUP-133.xml', '2021-12-06 09:18:16', 486, 'EXECUTED', '8:f6eaa83469b4b94a38221816b4a47ab6', 'sql', '', NULL, '3.10.2', NULL, NULL, '8778696076'),
	('202109231301', 'koehlers', 'liquibase/changes/SUP-133.xml', '2021-12-06 09:18:16', 487, 'EXECUTED', '8:8f4de6e24f33dd1c386e2722db4b2714', 'sql', '', NULL, '3.10.2', NULL, NULL, '8778696076'),
	('202109270845', 'apparis', 'liquibase/changes/OC-215.xml', '2021-10-11 10:33:01', 472, 'EXECUTED', '8:8a7815968133c30e91eb2f99a873280d', 'sql', '', NULL, '3.10.2', NULL, NULL, '3941181249'),
	('202109280745', 'tsvetanovd', 'liquibase/changes/OC-27.xml', '2021-11-02 13:56:06', 475, 'EXECUTED', '8:830cbbbfed1357f06b03f1a45ea23818', 'sql', '', NULL, '3.10.2', NULL, NULL, '5857765902'),
	('202110071445', 'apparis', 'liquibase/changes/OC-27.xml', '2021-11-02 13:56:40', 476, 'EXECUTED', '8:6f225ed1cc1f1046938f0d77e96b300d', 'sql', '', NULL, '3.10.2', NULL, NULL, '5857765902'),
	('202110140941', 'tsvetanovd', 'liquibase/changes/OC-288.xml', '2021-11-02 13:56:40', 477, 'EXECUTED', '8:88eb2a6bb9bdd260426ce85cc2fc0393', 'sql', '', NULL, '3.10.2', NULL, NULL, '5857765902'),
	('202110261125', 'apparis', 'liquibase/changes/OC-350.xml', '2021-11-03 11:56:40', 478, 'EXECUTED', '8:4ad4b35cb7caea9c291de0ddea67f65f', 'sql', '', NULL, '3.10.2', NULL, NULL, '5936730592'),
	('202111011154', 'tsvetanovd', 'liquibase/changes/OC-363.xml', '2021-11-08 12:08:52', 479, 'EXECUTED', '8:3df9748f4c3af594b4b93f33aa7d1b49', 'sql', '', NULL, '3.10.2', NULL, NULL, '6369732794'),
	('202111050831', 'tsvetanovd', 'liquibase/changes/OC-363.xml', '2021-11-08 12:08:53', 480, 'EXECUTED', '8:9663499e5006f1458f0ace8d26d5eea9', 'sql', '', NULL, '3.10.2', NULL, NULL, '6369732794'),
	('202111151519', 'schlachterk', 'liquibase/changes/OC-415.xml', '2021-11-17 09:32:58', 481, 'EXECUTED', '8:a391a6159c820bb1f090a84209e4c158', 'sql', '', NULL, '3.10.2', NULL, NULL, '7137978447'),
	('202111160847', 'schlachterk', 'liquibase/changes/OC-420.xml', '2021-11-17 09:32:58', 482, 'EXECUTED', '8:3d81029ad03507f3eb09b80ec1199316', 'sql', '', NULL, '3.10.2', NULL, NULL, '7137978447'),
	('202111171419', 'koehlers', 'liquibase/changes/SUP-169.xml', '2021-11-23 10:28:13', 483, 'EXECUTED', '8:df9485933e26011d8a581b1fe8e39d1e', 'sql', '', NULL, '3.10.2', NULL, NULL, '7659489283'),
	('202111191532', 'koehlers', 'liquibase/changes/SUP-169.xml', '2021-11-23 10:28:13', 484, 'EXECUTED', '8:dd12afcea08b73f2f6266dc1d6a3ae5f', 'sql', '', NULL, '3.10.2', 'euronet', NULL, '7659489283');
/*!40000 ALTER TABLE `databasechangelog` ENABLE KEYS */;

-- Exportiere Struktur von Tabelle muhcutransporte.databasechangelog_bahag
DROP TABLE IF EXISTS `databasechangelog_bahag`;
CREATE TABLE IF NOT EXISTS `databasechangelog_bahag` (
  `ID` varchar(63) NOT NULL,
  `AUTHOR` varchar(63) NOT NULL,
  `FILENAME` varchar(200) NOT NULL,
  `DATEEXECUTED` datetime NOT NULL,
  `ORDEREXECUTED` int NOT NULL,
  `EXECTYPE` varchar(10) NOT NULL,
  `MD5SUM` varchar(35) DEFAULT NULL,
  `DESCRIPTION` varchar(255) DEFAULT NULL,
  `COMMENTS` varchar(255) DEFAULT NULL,
  `TAG` varchar(255) DEFAULT NULL,
  `LIQUIBASE` varchar(20) DEFAULT NULL,
  `CONTEXTS` varchar(255) DEFAULT NULL,
  `LABELS` varchar(255) DEFAULT NULL,
  `DEPLOYMENT_ID` varchar(10) DEFAULT NULL,
  PRIMARY KEY (`ID`,`AUTHOR`,`FILENAME`)
) ENGINE=InnoDB DEFAULT CHARSET=utf8mb3;

-- Exportiere Daten aus Tabelle muhcutransporte.databasechangelog_bahag: ~0 rows (ungefähr)
DELETE FROM `databasechangelog_bahag`;
/*!40000 ALTER TABLE `databasechangelog_bahag` DISABLE KEYS */;
/*!40000 ALTER TABLE `databasechangelog_bahag` ENABLE KEYS */;

-- Exportiere Struktur von Tabelle muhcutransporte.employee
DROP TABLE IF EXISTS `employee`;
CREATE TABLE IF NOT EXISTS `employee` (
  `id` int NOT NULL AUTO_INCREMENT,
  `first_name` varchar(255) NOT NULL DEFAULT '',
  `last_name` varchar(255) NOT NULL DEFAULT '',
  `phonenumber` varchar(255) DEFAULT '',
  PRIMARY KEY (`id`)
) ENGINE=InnoDB AUTO_INCREMENT=5 DEFAULT CHARSET=utf8mb3;

-- Exportiere Daten aus Tabelle muhcutransporte.employee: ~2 rows (ungefähr)
DELETE FROM `employee`;
/*!40000 ALTER TABLE `employee` DISABLE KEYS */;
INSERT INTO `employee` (`id`, `first_name`, `last_name`, `phonenumber`) VALUES
	(1, 'Fahrer 1', 'Mustermann', '0178543223'),
	(2, 'Fahrer 2', 'Mustermann', '0172398236876'),
	(3, 'Fahrer 3', 'Mustermann', '01232843758'),
	(4, 'Fahrer 4', 'Mustermann', '01237867568');
/*!40000 ALTER TABLE `employee` ENABLE KEYS */;

-- Exportiere Struktur von Tabelle muhcutransporte.reservation
DROP TABLE IF EXISTS `reservation`;
CREATE TABLE IF NOT EXISTS `reservation` (
  `id` int unsigned NOT NULL AUTO_INCREMENT,
  `customer_name` varchar(512) CHARACTER SET utf8 COLLATE utf8_general_ci DEFAULT NULL,
  `request_date` date NOT NULL,
  `start_time` varchar(50) DEFAULT NULL,
  `from` datetime DEFAULT NULL,
  `until` datetime DEFAULT NULL,
  `location` varchar(512) DEFAULT NULL,
  `vehicle_id` int unsigned NOT NULL,
  `customer_id` int unsigned DEFAULT NULL,
  `thermo` tinyint(1) NOT NULL DEFAULT '0',
  `driver_id` int DEFAULT NULL,
  PRIMARY KEY (`id`),
  UNIQUE KEY `request_date_vehicle_id` (`request_date`,`vehicle_id`),
  KEY `FK_reservation_vehicle` (`vehicle_id`),
  KEY `FK_reservation_customer` (`customer_id`),
  KEY `FK_reservation_employee` (`driver_id`),
  CONSTRAINT `FK_reservation_customer` FOREIGN KEY (`customer_id`) REFERENCES `customer` (`id`),
  CONSTRAINT `FK_reservation_employee` FOREIGN KEY (`driver_id`) REFERENCES `employee` (`id`),
  CONSTRAINT `FK_reservation_vehicle` FOREIGN KEY (`vehicle_id`) REFERENCES `vehicle` (`id`)
) ENGINE=InnoDB AUTO_INCREMENT=31 DEFAULT CHARSET=utf8mb3;

-- Exportiere Daten aus Tabelle muhcutransporte.reservation: ~11 rows (ungefähr)
DELETE FROM `reservation`;
/*!40000 ALTER TABLE `reservation` DISABLE KEYS */;
INSERT INTO `reservation` (`id`, `customer_name`, `request_date`, `start_time`, `from`, `until`, `location`, `vehicle_id`, `customer_id`, `thermo`, `driver_id`) VALUES
	(19, 'bbb', '2022-01-04', '', NULL, NULL, 'Darmstadt', 1, 2, 1, NULL),
	(20, 'Tester', '2022-01-05', '08:15', NULL, NULL, 'LU', 1, NULL, 1, NULL),
	(21, '', '2022-01-05', '', NULL, NULL, '', 3, NULL, 0, NULL),
	(22, 'ccccdd', '2022-01-06', '', NULL, NULL, '', 1, 5, 1, NULL),
	(23, 'bbb', '2022-01-03', '09:45', NULL, NULL, 'Heidelberg', 1, 2, 0, NULL),
	(24, 'Tester', '2022-01-04', '', NULL, NULL, '', 2, 4, 0, NULL),
	(25, 'Test', '2022-01-05', '', NULL, NULL, '', 2, 8, 0, NULL),
	(26, 'aaa', '2022-02-15', '08:00', NULL, NULL, 'Mannheim', 1, 1, 1, 4),
	(27, 'bbb', '2022-02-16', '', NULL, NULL, '', 1, 2, 0, NULL),
	(28, 'aabbb', '2022-02-15', '', NULL, NULL, '', 2, 3, 0, NULL),
	(29, 'ccccdd', '2022-02-15', '', NULL, NULL, 'Ludwigshafen', 3, 5, 0, NULL),
	(30, 'asdfsdf', '1969-12-29', '', NULL, NULL, '', 2, 10, 0, NULL);
/*!40000 ALTER TABLE `reservation` ENABLE KEYS */;

-- Exportiere Struktur von Tabelle muhcutransporte.vehicle
DROP TABLE IF EXISTS `vehicle`;
CREATE TABLE IF NOT EXISTS `vehicle` (
  `id` int unsigned NOT NULL AUTO_INCREMENT,
  `license_plate` varchar(50) NOT NULL,
  `employee_id` int DEFAULT NULL,
  `vehicle_type_id` int DEFAULT NULL,
  PRIMARY KEY (`id`),
  KEY `vehicle_type_id` (`vehicle_type_id`),
  KEY `FK_vehicle_employee` (`employee_id`),
  CONSTRAINT `FK_vehicle_employee` FOREIGN KEY (`employee_id`) REFERENCES `employee` (`id`),
  CONSTRAINT `FK_vehicle_vehicle_type` FOREIGN KEY (`vehicle_type_id`) REFERENCES `vehicle_type` (`id`)
) ENGINE=InnoDB AUTO_INCREMENT=19 DEFAULT CHARSET=utf8mb3;

-- Exportiere Daten aus Tabelle muhcutransporte.vehicle: ~18 rows (ungefähr)
DELETE FROM `vehicle`;
/*!40000 ALTER TABLE `vehicle` DISABLE KEYS */;
INSERT INTO `vehicle` (`id`, `license_plate`, `employee_id`, `vehicle_type_id`) VALUES
	(1, 'RA-M146', 2, 1),
	(2, 'RA-M430', 1, 1),
	(3, 'RA-M433', NULL, 1),
	(4, 'RA-M455', NULL, 1),
	(5, 'RA-M460', NULL, 1),
	(6, 'RA-M485', NULL, 1),
	(7, 'RA-M491', NULL, 1),
	(8, 'RA-M412', NULL, 2),
	(9, 'RA-M466', NULL, 2),
	(10, 'RA-M566', NULL, 2),
	(11, 'RA-M803', NULL, 2),
	(12, 'RA-M829', NULL, 2),
	(13, 'RA-M833', NULL, 2),
	(14, 'RA-M861', NULL, 2),
	(15, 'RA-M891', NULL, 2),
	(16, 'RA-M924', NULL, 2),
	(17, 'RA-M338', NULL, 3),
	(18, 'RA-M361', NULL, 3);
/*!40000 ALTER TABLE `vehicle` ENABLE KEYS */;

-- Exportiere Struktur von Tabelle muhcutransporte.vehicle_type
DROP TABLE IF EXISTS `vehicle_type`;
CREATE TABLE IF NOT EXISTS `vehicle_type` (
  `id` int NOT NULL AUTO_INCREMENT,
  `name` varchar(255) COLLATE utf8mb4_general_ci NOT NULL,
  PRIMARY KEY (`id`)
) ENGINE=InnoDB AUTO_INCREMENT=4 DEFAULT CHARSET=utf8mb4 COLLATE=utf8mb4_general_ci;

-- Exportiere Daten aus Tabelle muhcutransporte.vehicle_type: ~2 rows (ungefähr)
DELETE FROM `vehicle_type`;
/*!40000 ALTER TABLE `vehicle_type` DISABLE KEYS */;
INSERT INTO `vehicle_type` (`id`, `name`) VALUES
	(1, '4-Achser'),
	(2, 'Sattel'),
	(3, 'Hängerzug');
/*!40000 ALTER TABLE `vehicle_type` ENABLE KEYS */;

/*!40101 SET SQL_MODE=IFNULL(@OLD_SQL_MODE, '') */;
/*!40014 SET FOREIGN_KEY_CHECKS=IFNULL(@OLD_FOREIGN_KEY_CHECKS, 1) */;
/*!40101 SET CHARACTER_SET_CLIENT=@OLD_CHARACTER_SET_CLIENT */;
/*!40111 SET SQL_NOTES=IFNULL(@OLD_SQL_NOTES, 1) */;
